trialnum,tgt_distance,tgt_angle_1,tgt_angle_2,rotation,gain,online_fb,endpoint_feedback,clamped_fb,between_blocks,target_size
1,90,90,90,0,1,1,1,0,0,6
2,90,90,90,0,1,1,1,0,0,6
3,90,90,90,0,1,1,1,0,0,6
4,90,90,90,0,1,1,1,0,0,6
5,90,90,90,0,1,1,1,0,0,6
6,90,90,90,0,1,1,1,0,0,6
7,90,90,90,0,1,1,1,0,0,6
8,90,90,90,0,1,1,1,0,0,6
9,90,90,90,0,1,1,1,0,0,6
10,90,90,90,0,1,1,1,0,0,6
11,90,90,90,0,1,1,1,0,0,6
12,90,90,90,0,1,1,1,0,0,6
13,90,90,90,0,1,1,1,0,0,6
14,90,90,90,0,1,1,1,0,0,6
15,90,90,90,0,1,1,1,0,0,6
16,90,90,90,0,1,1,1,0,0,6
17,90,90,90,0,1,1,1,0,0,6
18,90,90,90,0,1,1,1,0,0,6
19,90,90,90,0,1,1,1,0,0,6
20,90,90,90,0,1,1,1,0,0,6
21,90,90,90,0,1,1,1,0,0,6
22,90,90,90,0,1,1,1,0,0,6
23,90,90,90,0,1,1,1,0,0,6
24,90,90,90,0,1,1,1,0,0,6
25,90,90,90,0,1,1,1,0,0,6
26,90,90,90,0,1,1,1,0,0,6
27,90,90,90,0,1,1,1,0,0,6
28,90,90,90,0,1,1,1,0,0,6
29,90,90,90,0,1,1,1,0,0,6
30,90,90,90,0,1,1,1,0,0,6
31,90,90,90,0,1,1,1,0,0,6
32,90,90,90,0,1,1,1,0,0,6
33,90,90,90,0,1,1,1,0,0,6
34,90,90,90,0,1,1,1,0,0,6
35,90,90,90,0,1,1,1,0,0,6
36,90,90,90,0,1,1,1,0,0,6
37,90,90,90,0,1,1,1,0,0,6
38,90,90,90,0,1,1,1,0,0,6
39,90,90,90,0,1,1,1,0,0,6
40,90,90,90,0,1,1,1,0,0,6
41,90,90,90,0,1,1,1,0,0,6
42,90,90,90,0,1,1,1,0,0,6
43,90,90,90,0,1,1,1,0,0,6
44,90,90,90,0,1,1,1,0,0,6
45,90,90,90,0,1,1,1,0,0,6
46,90,90,90,0,1,1,1,0,0,6
47,90,90,90,0,1,1,1,0,0,6
48,90,90,90,0,1,1,1,0,0,6
49,90,90,90,0,1,1,1,0,0,6
50,90,90,90,0,1,1,1,0,0,6
51,90,90,90,0,1,1,1,0,0,6
52,90,90,90,0,1,1,1,0,0,6
53,90,90,90,0,1,1,1,0,0,6
54,90,90,90,0,1,1,1,0,0,6
55,90,90,90,0,1,1,1,0,0,6
56,90,90,90,0,1,1,1,0,0,6
57,90,90,90,0,1,1,1,0,0,6
58,90,90,90,0,1,1,1,0,0,6
59,90,90,90,0,1,1,1,0,0,6
60,90,90,90,0,1,1,1,0,0,6
61,90,90,90,0,1,1,1,0,0,6
62,90,90,90,0,1,1,1,0,0,6
63,90,90,90,0,1,1,1,0,0,6
64,90,90,90,0,1,1,1,0,0,6
65,90,90,90,0,1,1,1,0,0,6
66,90,90,90,0,1,1,1,0,0,6
67,90,90,90,0,1,1,1,0,0,6
68,90,90,90,0,1,1,1,0,0,6
69,90,90,90,0,1,1,1,0,0,6
70,90,90,90,0,1,1,1,0,2,6
71,90,90,86,0,1,1,1,0,0,6
72,90,90,90,0,1,1,1,0,0,6
73,90,90,90,-4,1,1,1,0,0,6
74,90,90,90,0,1,1,1,0,0,6
75,90,90,90,-2,1,1,1,0,0,6
76,90,90,90,0,1,1,1,0,0,6
77,90,90,90,-2,1,1,1,0,0,6
78,90,90,90,0,1,0,0,0,0,6
79,90,90,86,0,1,1,1,0,0,6
80,90,90,90,0,1,0,0,0,0,6
81,90,90,90,0,1,1,1,0,0,6
82,90,90,90,0,1,0,0,0,0,6
83,90,90,90,-4,1,1,1,0,0,6
84,90,90,90,0,1,1,1,0,0,6
85,90,90,86,0,1,1,1,0,0,6
86,90,90,90,0,1,1,1,0,0,6
87,90,90,86,0,1,1,1,0,0,6
88,90,90,90,0,1,1,1,0,0,6
89,90,90,90,0,1,1,1,0,0,6
90,90,90,90,0,1,1,1,0,0,6
91,90,90,90,4,1,1,1,0,0,6
92,90,90,90,0,1,1,1,0,0,6
93,90,90,90,2,1,1,1,0,0,6
94,90,90,90,0,1,0,0,0,0,6
95,90,90,90,2,1,1,1,0,0,6
96,90,90,90,0,1,0,0,0,0,6
97,90,90,86,0,1,1,1,0,0,6
98,90,90,90,0,1,1,1,0,0,6
99,90,90,90,-4,1,1,1,0,0,6
100,90,90,90,0,1,1,1,0,0,6
101,90,90,92,0,1,1,1,0,0,6
102,90,90,90,0,1,1,1,0,0,6
103,90,90,90,4,1,1,1,0,0,6
104,90,90,90,0,1,1,1,0,0,6
105,90,90,90,2,1,1,1,0,0,6
106,90,90,90,0,1,0,0,0,0,6
107,90,90,88,0,1,1,1,0,0,6
108,90,90,90,0,1,1,1,0,0,6
109,90,90,86,0,1,1,1,0,0,6
110,90,90,90,0,1,1,1,0,0,6
111,90,90,94,0,1,1,1,0,0,6
112,90,90,90,0,1,0,0,0,0,6
113,90,90,90,0,1,1,1,0,0,6
114,90,90,90,0,1,0,0,0,0,6
115,90,90,86,0,1,1,1,0,0,6
116,90,90,90,0,1,0,0,0,0,6
117,90,90,90,4,1,1,1,0,0,6
118,90,90,90,0,1,0,0,0,0,6
119,90,90,86,0,1,1,1,0,0,6
120,90,90,90,0,1,0,0,0,0,6
121,90,90,86,0,1,1,1,0,0,6
122,90,90,90,0,1,0,0,0,0,6
123,90,90,90,4,1,1,1,0,0,6
124,90,90,90,0,1,0,0,0,0,6
125,90,90,90,-2,1,1,1,0,0,6
126,90,90,90,0,1,1,1,0,0,6
127,90,90,90,-4,1,1,1,0,0,6
128,90,90,90,0,1,1,1,0,0,6
129,90,90,86,0,1,1,1,0,0,6
130,90,90,90,0,1,0,0,0,0,6
131,90,90,92,0,1,1,1,0,0,6
132,90,90,90,0,1,0,0,0,0,6
133,90,90,94,0,1,1,1,0,0,6
134,90,90,90,0,1,0,0,0,0,6
135,90,90,90,2,1,1,1,0,0,6
136,90,90,90,0,1,1,1,0,0,6
137,90,90,86,0,1,1,1,0,0,6
138,90,90,90,0,1,0,0,0,0,6
139,90,90,94,0,1,1,1,0,0,6
140,90,90,90,0,1,0,0,0,0,6
141,90,90,90,0,1,1,1,0,0,6
142,90,90,90,0,1,1,1,0,0,6
143,90,90,90,4,1,1,1,0,0,6
144,90,90,90,0,1,0,0,0,0,6
145,90,90,90,-2,1,1,1,0,0,6
146,90,90,90,0,1,1,1,0,0,6
147,90,90,90,-4,1,1,1,0,0,6
148,90,90,90,0,1,1,1,0,0,6
149,90,90,86,0,1,1,1,0,0,6
150,90,90,90,0,1,0,0,0,0,6
151,90,90,86,0,1,1,1,0,0,6
152,90,90,90,0,1,0,0,0,0,6
153,90,90,90,2,1,1,1,0,0,6
154,90,90,90,0,1,0,0,0,0,6
155,90,90,90,0,1,1,1,0,0,6
156,90,90,90,0,1,0,0,0,0,6
157,90,90,90,4,1,1,1,0,0,6
158,90,90,90,0,1,1,1,0,0,6
159,90,90,88,0,1,1,1,0,0,6
160,90,90,90,0,1,0,0,0,0,6
161,90,90,92,0,1,1,1,0,0,6
162,90,90,90,0,1,0,0,0,0,6
163,90,90,88,0,1,1,1,0,0,6
164,90,90,90,0,1,1,1,0,0,6
165,90,90,90,2,1,1,1,0,0,6
166,90,90,90,0,1,1,1,0,0,6
167,90,90,88,0,1,1,1,0,0,6
168,90,90,90,0,1,1,1,0,0,6
169,90,90,90,-2,1,1,1,0,0,6
170,90,90,90,0,1,0,0,0,2,6
171,90,90,88,0,1,1,1,0,0,6
172,90,90,90,0,1,1,1,0,0,6
173,90,90,90,-2,1,1,1,0,0,6
174,90,90,90,0,1,0,0,0,0,6
175,90,90,88,0,1,1,1,0,0,6
176,90,90,90,0,1,1,1,0,0,6
177,90,90,94,0,1,1,1,0,0,6
178,90,90,90,0,1,1,1,0,0,6
179,90,90,90,-4,1,1,1,0,0,6
180,90,90,90,0,1,1,1,0,0,6
181,90,90,90,2,1,1,1,0,0,6
182,90,90,90,0,1,0,0,0,0,6
183,90,90,90,2,1,1,1,0,0,6
184,90,90,90,0,1,1,1,0,0,6
185,90,90,86,0,1,1,1,0,0,6
186,90,90,90,0,1,0,0,0,0,6
187,90,90,86,0,1,1,1,0,0,6
188,90,90,90,0,1,1,1,0,0,6
189,90,90,92,0,1,1,1,0,0,6
190,90,90,90,0,1,1,1,0,0,6
191,90,90,88,0,1,1,1,0,0,6
192,90,90,90,0,1,0,0,0,0,6
193,90,90,90,-2,1,1,1,0,0,6
194,90,90,90,0,1,1,1,0,0,6
195,90,90,92,0,1,1,1,0,0,6
196,90,90,90,0,1,0,0,0,0,6
197,90,90,90,4,1,1,1,0,0,6
198,90,90,90,0,1,0,0,0,0,6
199,90,90,90,4,1,1,1,0,0,6
200,90,90,90,0,1,0,0,0,0,6
201,90,90,90,-2,1,1,1,0,0,6
202,90,90,90,0,1,1,1,0,0,6
203,90,90,94,0,1,1,1,0,0,6
204,90,90,90,0,1,0,0,0,0,6
205,90,90,90,4,1,1,1,0,0,6
206,90,90,90,0,1,1,1,0,0,6
207,90,90,94,0,1,1,1,0,0,6
208,90,90,90,0,1,1,1,0,0,6
209,90,90,90,4,1,1,1,0,0,6
210,90,90,90,0,1,0,0,0,0,6
211,90,90,92,0,1,1,1,0,0,6
212,90,90,90,0,1,1,1,0,0,6
213,90,90,90,-2,1,1,1,0,0,6
214,90,90,90,0,1,0,0,0,0,6
215,90,90,90,-4,1,1,1,0,0,6
216,90,90,90,0,1,0,0,0,0,6
217,90,90,90,-2,1,1,1,0,0,6
218,90,90,90,0,1,1,1,0,0,6
219,90,90,92,0,1,1,1,0,0,6
220,90,90,90,0,1,1,1,0,0,6
221,90,90,90,4,1,1,1,0,0,6
222,90,90,90,0,1,1,1,0,0,6
223,90,90,94,0,1,1,1,0,0,6
224,90,90,90,0,1,1,1,0,0,6
225,90,90,86,0,1,1,1,0,0,6
226,90,90,90,0,1,0,0,0,0,6
227,90,90,88,0,1,1,1,0,0,6
228,90,90,90,0,1,0,0,0,0,6
229,90,90,90,2,1,1,1,0,0,6
230,90,90,90,0,1,1,1,0,0,6
231,90,90,90,0,1,1,1,0,0,6
232,90,90,90,0,1,1,1,0,0,6
233,90,90,86,0,1,1,1,0,0,6
234,90,90,90,0,1,1,1,0,0,6
235,90,90,86,0,1,1,1,0,0,6
236,90,90,90,0,1,0,0,0,0,6
237,90,90,90,-4,1,1,1,0,0,6
238,90,90,90,0,1,0,0,0,0,6
239,90,90,86,0,1,1,1,0,0,6
240,90,90,90,0,1,1,1,0,0,6
241,90,90,90,-4,1,1,1,0,0,6
242,90,90,90,0,1,1,1,0,0,6
243,90,90,90,0,1,1,1,0,0,6
244,90,90,90,0,1,0,0,0,0,6
245,90,90,94,0,1,1,1,0,0,6
246,90,90,90,0,1,0,0,0,0,6
247,90,90,92,0,1,1,1,0,0,6
248,90,90,90,0,1,0,0,0,0,6
249,90,90,92,0,1,1,1,0,0,6
250,90,90,90,0,1,1,1,0,0,6
251,90,90,90,-4,1,1,1,0,0,6
252,90,90,90,0,1,1,1,0,0,6
253,90,90,90,2,1,1,1,0,0,6
254,90,90,90,0,1,1,1,0,0,6
255,90,90,90,-4,1,1,1,0,0,6
256,90,90,90,0,1,0,0,0,0,6
257,90,90,88,0,1,1,1,0,0,6
258,90,90,90,0,1,0,0,0,0,6
259,90,90,92,0,1,1,1,0,0,6
260,90,90,90,0,1,1,1,0,0,6
261,90,90,90,0,1,1,1,0,0,6
262,90,90,90,0,1,0,0,0,0,6
263,90,90,90,4,1,1,1,0,0,6
264,90,90,90,0,1,0,0,0,0,6
265,90,90,86,0,1,1,1,0,0,6
266,90,90,90,0,1,0,0,0,0,6
267,90,90,94,0,1,1,1,0,0,6
268,90,90,90,0,1,0,0,0,0,6
269,90,90,86,0,1,1,1,0,0,6
270,90,90,90,0,1,0,0,0,2,6
271,90,90,94,0,1,1,1,0,0,6
272,90,90,90,0,1,0,0,0,0,6
273,90,90,90,2,1,1,1,0,0,6
274,90,90,90,0,1,0,0,0,0,6
275,90,90,94,0,1,1,1,0,0,6
276,90,90,90,0,1,0,0,0,0,6
277,90,90,90,0,1,1,1,0,0,6
278,90,90,90,0,1,0,0,0,0,6
279,90,90,90,-2,1,1,1,0,0,6
280,90,90,90,0,1,0,0,0,0,6
281,90,90,90,2,1,1,1,0,0,6
282,90,90,90,0,1,1,1,0,0,6
283,90,90,94,0,1,1,1,0,0,6
284,90,90,90,0,1,0,0,0,0,6
285,90,90,90,0,1,1,1,0,0,6
286,90,90,90,0,1,0,0,0,0,6
287,90,90,92,0,1,1,1,0,0,6
288,90,90,90,0,1,0,0,0,0,6
289,90,90,86,0,1,1,1,0,0,6
290,90,90,90,0,1,0,0,0,0,6
291,90,90,90,4,1,1,1,0,0,6
292,90,90,90,0,1,1,1,0,0,6
293,90,90,90,2,1,1,1,0,0,6
294,90,90,90,0,1,1,1,0,0,6
295,90,90,92,0,1,1,1,0,0,6
296,90,90,90,0,1,0,0,0,0,6
297,90,90,90,2,1,1,1,0,0,6
298,90,90,90,0,1,1,1,0,0,6
299,90,90,86,0,1,1,1,0,0,6
300,90,90,90,0,1,0,0,0,0,6
301,90,90,90,-4,1,1,1,0,0,6
302,90,90,90,0,1,0,0,0,0,6
303,90,90,90,4,1,1,1,0,0,6
304,90,90,90,0,1,0,0,0,0,6
305,90,90,90,-2,1,1,1,0,0,6
306,90,90,90,0,1,0,0,0,0,6
307,90,90,88,0,1,1,1,0,0,6
308,90,90,90,0,1,1,1,0,0,6
309,90,90,94,0,1,1,1,0,0,6
310,90,90,90,0,1,0,0,0,0,6
311,90,90,90,4,1,1,1,0,0,6
312,90,90,90,0,1,0,0,0,0,6
313,90,90,86,0,1,1,1,0,0,6
314,90,90,90,0,1,1,1,0,0,6
315,90,90,90,-4,1,1,1,0,0,6
316,90,90,90,0,1,0,0,0,0,6
317,90,90,90,0,1,1,1,0,0,6
318,90,90,90,0,1,0,0,0,0,6
319,90,90,90,-4,1,1,1,0,0,6
320,90,90,90,0,1,0,0,0,0,6
321,90,90,90,-4,1,1,1,0,0,6
322,90,90,90,0,1,0,0,0,0,6
323,90,90,86,0,1,1,1,0,0,6
324,90,90,90,0,1,1,1,0,0,6
325,90,90,92,0,1,1,1,0,0,6
326,90,90,90,0,1,1,1,0,0,6
327,90,90,90,-4,1,1,1,0,0,6
328,90,90,90,0,1,1,1,0,0,6
329,90,90,92,0,1,1,1,0,0,6
330,90,90,90,0,1,0,0,0,0,6
331,90,90,90,4,1,1,1,0,0,6
332,90,90,90,0,1,1,1,0,0,6
333,90,90,90,-2,1,1,1,0,0,6
334,90,90,90,0,1,1,1,0,0,6
335,90,90,88,0,1,1,1,0,0,6
336,90,90,90,0,1,1,1,0,0,6
337,90,90,90,2,1,1,1,0,0,6
338,90,90,90,0,1,0,0,0,0,6
339,90,90,90,2,1,1,1,0,0,6
340,90,90,90,0,1,0,0,0,0,6
341,90,90,90,-4,1,1,1,0,0,6
342,90,90,90,0,1,0,0,0,0,6
343,90,90,92,0,1,1,1,0,0,6
344,90,90,90,0,1,0,0,0,0,6
345,90,90,90,-2,1,1,1,0,0,6
346,90,90,90,0,1,0,0,0,0,6
347,90,90,88,0,1,1,1,0,0,6
348,90,90,90,0,1,1,1,0,0,6
349,90,90,94,0,1,1,1,0,0,6
350,90,90,90,0,1,0,0,0,0,6
351,90,90,90,-4,1,1,1,0,0,6
352,90,90,90,0,1,0,0,0,0,6
353,90,90,90,-2,1,1,1,0,0,6
354,90,90,90,0,1,0,0,0,0,6
355,90,90,92,0,1,1,1,0,0,6
356,90,90,90,0,1,1,1,0,0,6
357,90,90,90,0,1,1,1,0,0,6
358,90,90,90,0,1,0,0,0,0,6
359,90,90,94,0,1,1,1,0,0,6
360,90,90,90,0,1,0,0,0,0,6
361,90,90,90,2,1,1,1,0,0,6
362,90,90,90,0,1,0,0,0,0,6
363,90,90,90,-2,1,1,1,0,0,6
364,90,90,90,0,1,1,1,0,0,6
365,90,90,90,-4,1,1,1,0,0,6
366,90,90,90,0,1,0,0,0,0,6
367,90,90,92,0,1,1,1,0,0,6
368,90,90,90,0,1,0,0,0,0,6
369,90,90,92,0,1,1,1,0,0,6
370,90,90,90,0,1,0,0,0,2,6
371,90,90,90,2,1,1,1,0,0,6
372,90,90,90,0,1,0,0,0,0,6
373,90,90,86,0,1,1,1,0,0,6
374,90,90,90,0,1,1,1,0,0,6
375,90,90,94,0,1,1,1,0,0,6
376,90,90,90,0,1,1,1,0,0,6
377,90,90,90,2,1,1,1,0,0,6
378,90,90,90,0,1,1,1,0,0,6
379,90,90,92,0,1,1,1,0,0,6
380,90,90,90,0,1,0,0,0,0,6
381,90,90,90,2,1,1,1,0,0,6
382,90,90,90,0,1,1,1,0,0,6
383,90,90,86,0,1,1,1,0,0,6
384,90,90,90,0,1,0,0,0,0,6
385,90,90,90,4,1,1,1,0,0,6
386,90,90,90,0,1,1,1,0,0,6
387,90,90,94,0,1,1,1,0,0,6
388,90,90,90,0,1,0,0,0,0,6
389,90,90,90,-4,1,1,1,0,0,6
390,90,90,90,0,1,1,1,0,0,6
391,90,90,90,4,1,1,1,0,0,6
392,90,90,90,0,1,0,0,0,0,6
393,90,90,90,4,1,1,1,0,0,6
394,90,90,90,0,1,0,0,0,0,6
395,90,90,90,-4,1,1,1,0,0,6
396,90,90,90,0,1,1,1,0,0,6
397,90,90,86,0,1,1,1,0,0,6
398,90,90,90,0,1,0,0,0,0,6
399,90,90,90,4,1,1,1,0,0,6
400,90,90,90,0,1,0,0,0,0,6
401,90,90,86,0,1,1,1,0,0,6
402,90,90,90,0,1,0,0,0,0,6
403,90,90,90,2,1,1,1,0,0,6
404,90,90,90,0,1,1,1,0,0,6
405,90,90,92,0,1,1,1,0,0,6
406,90,90,90,0,1,0,0,0,0,6
407,90,90,90,-2,1,1,1,0,0,6
408,90,90,90,0,1,0,0,0,0,6
409,90,90,90,2,1,1,1,0,0,6
410,90,90,90,0,1,1,1,0,0,6
411,90,90,94,0,1,1,1,0,0,6
412,90,90,90,0,1,1,1,0,0,6
413,90,90,90,2,1,1,1,0,0,6
414,90,90,90,0,1,1,1,0,0,6
415,90,90,90,0,1,1,1,0,0,6
416,90,90,90,0,1,0,0,0,0,6
417,90,90,90,4,1,1,1,0,0,6
418,90,90,90,0,1,1,1,0,0,6
419,90,90,90,0,1,1,1,0,0,6
420,90,90,90,0,1,1,1,0,0,6
421,90,90,90,-4,1,1,1,0,0,6
422,90,90,90,0,1,1,1,0,0,6
423,90,90,90,-2,1,1,1,0,0,6
424,90,90,90,0,1,0,0,0,0,6
425,90,90,94,0,1,1,1,0,0,6
426,90,90,90,0,1,1,1,0,0,6
427,90,90,90,4,1,1,1,0,0,6
428,90,90,90,0,1,1,1,0,0,6
429,90,90,90,-4,1,1,1,0,0,6
430,90,90,90,0,1,0,0,0,0,6
431,90,90,90,2,1,1,1,0,0,6
432,90,90,90,0,1,1,1,0,0,6
433,90,90,90,0,1,1,1,0,0,6
434,90,90,90,0,1,1,1,0,0,6
435,90,90,90,-2,1,1,1,0,0,6
436,90,90,90,0,1,1,1,0,0,6
437,90,90,94,0,1,1,1,0,0,6
438,90,90,90,0,1,1,1,0,0,6
439,90,90,90,-4,1,1,1,0,0,6
440,90,90,90,0,1,0,0,0,0,6
441,90,90,94,0,1,1,1,0,0,6
442,90,90,90,0,1,1,1,0,0,6
443,90,90,90,-4,1,1,1,0,0,6
444,90,90,90,0,1,1,1,0,0,6
445,90,90,90,0,1,1,1,0,0,6
446,90,90,90,0,1,0,0,0,0,6
447,90,90,86,0,1,1,1,0,0,6
448,90,90,90,0,1,1,1,0,0,6
449,90,90,90,2,1,1,1,0,0,6
450,90,90,90,0,1,0,0,0,0,6
451,90,90,90,2,1,1,1,0,0,6
452,90,90,90,0,1,1,1,0,0,6
453,90,90,88,0,1,1,1,0,0,6
454,90,90,90,0,1,1,1,0,0,6
455,90,90,92,0,1,1,1,0,0,6
456,90,90,90,0,1,0,0,0,0,6
457,90,90,90,2,1,1,1,0,0,6
458,90,90,90,0,1,1,1,0,0,6
459,90,90,90,2,1,1,1,0,0,6
460,90,90,90,0,1,0,0,0,0,6
461,90,90,88,0,1,1,1,0,0,6
462,90,90,90,0,1,0,0,0,0,6
463,90,90,88,0,1,1,1,0,0,6
464,90,90,90,0,1,0,0,0,0,6
465,90,90,88,0,1,1,1,0,0,6
466,90,90,90,0,1,0,0,0,0,6
467,90,90,90,4,1,1,1,0,0,6
468,90,90,90,0,1,0,0,0,0,6
469,90,90,92,0,1,1,1,0,0,6
470,90,90,90,0,1,1,1,0,2,6
471,90,90,90,-4,1,1,1,0,0,6
472,90,90,90,0,1,1,1,0,0,6
473,90,90,90,4,1,1,1,0,0,6
474,90,90,90,0,1,0,0,0,0,6
475,90,90,86,0,1,1,1,0,0,6
476,90,90,90,0,1,1,1,0,0,6
477,90,90,90,2,1,1,1,0,0,6
478,90,90,90,0,1,0,0,0,0,6
479,90,90,92,0,1,1,1,0,0,6
480,90,90,90,0,1,0,0,0,0,6
481,90,90,86,0,1,1,1,0,0,6
482,90,90,90,0,1,1,1,0,0,6
483,90,90,90,0,1,1,1,0,0,6
484,90,90,90,0,1,0,0,0,0,6
485,90,90,88,0,1,1,1,0,0,6
486,90,90,90,0,1,1,1,0,0,6
487,90,90,90,2,1,1,1,0,0,6
488,90,90,90,0,1,0,0,0,0,6
489,90,90,90,-4,1,1,1,0,0,6
490,90,90,90,0,1,1,1,0,0,6
491,90,90,90,4,1,1,1,0,0,6
492,90,90,90,0,1,1,1,0,0,6
493,90,90,86,0,1,1,1,0,0,6
494,90,90,90,0,1,0,0,0,0,6
495,90,90,92,0,1,1,1,0,0,6
496,90,90,90,0,1,1,1,0,0,6
497,90,90,90,-2,1,1,1,0,0,6
498,90,90,90,0,1,1,1,0,0,6
499,90,90,90,0,1,1,1,0,0,6
500,90,90,90,0,1,0,0,0,0,6
501,90,90,90,-4,1,1,1,0,0,6
502,90,90,90,0,1,0,0,0,0,6
503,90,90,88,0,1,1,1,0,0,6
504,90,90,90,0,1,1,1,0,0,6
505,90,90,92,0,1,1,1,0,0,6
506,90,90,90,0,1,0,0,0,0,6
507,90,90,94,0,1,1,1,0,0,6
508,90,90,90,0,1,1,1,0,0,6
509,90,90,90,2,1,1,1,0,0,6
510,90,90,90,0,1,0,0,0,0,6
511,90,90,90,0,1,1,1,0,0,6
512,90,90,90,0,1,0,0,0,0,6
513,90,90,94,0,1,1,1,0,0,6
514,90,90,90,0,1,0,0,0,0,6
515,90,90,90,0,1,1,1,0,0,6
516,90,90,90,0,1,0,0,0,0,6
517,90,90,94,0,1,1,1,0,0,6
518,90,90,90,0,1,0,0,0,0,6
519,90,90,94,0,1,1,1,0,0,6
520,90,90,90,0,1,1,1,0,0,6
521,90,90,90,-2,1,1,1,0,0,6
522,90,90,90,0,1,0,0,0,0,6
523,90,90,94,0,1,1,1,0,0,6
524,90,90,90,0,1,1,1,0,0,6
525,90,90,92,0,1,1,1,0,0,6
526,90,90,90,0,1,0,0,0,0,6
527,90,90,94,0,1,1,1,0,0,6
528,90,90,90,0,1,0,0,0,0,6
529,90,90,92,0,1,1,1,0,0,6
530,90,90,90,0,1,1,1,0,0,6
531,90,90,90,-2,1,1,1,0,0,6
532,90,90,90,0,1,1,1,0,0,6
533,90,90,94,0,1,1,1,0,0,6
534,90,90,90,0,1,0,0,0,0,6
535,90,90,94,0,1,1,1,0,0,6
536,90,90,90,0,1,0,0,0,0,6
537,90,90,90,-4,1,1,1,0,0,6
538,90,90,90,0,1,0,0,0,0,6
539,90,90,90,4,1,1,1,0,0,6
540,90,90,90,0,1,1,1,0,0,6
541,90,90,90,-2,1,1,1,0,0,6
542,90,90,90,0,1,0,0,0,0,6
543,90,90,88,0,1,1,1,0,0,6
544,90,90,90,0,1,0,0,0,0,6
545,90,90,90,-2,1,1,1,0,0,6
546,90,90,90,0,1,0,0,0,0,6
547,90,90,94,0,1,1,1,0,0,6
548,90,90,90,0,1,1,1,0,0,6
549,90,90,88,0,1,1,1,0,0,6
550,90,90,90,0,1,1,1,0,0,6
551,90,90,86,0,1,1,1,0,0,6
552,90,90,90,0,1,0,0,0,0,6
553,90,90,90,-2,1,1,1,0,0,6
554,90,90,90,0,1,1,1,0,0,6
555,90,90,90,-2,1,1,1,0,0,6
556,90,90,90,0,1,0,0,0,0,6
557,90,90,86,0,1,1,1,0,0,6
558,90,90,90,0,1,1,1,0,0,6
559,90,90,92,0,1,1,1,0,0,6
560,90,90,90,0,1,0,0,0,0,6
561,90,90,88,0,1,1,1,0,0,6
562,90,90,90,0,1,1,1,0,0,6
563,90,90,90,-2,1,1,1,0,0,6
564,90,90,90,0,1,1,1,0,0,6
565,90,90,86,0,1,1,1,0,0,6
566,90,90,90,0,1,0,0,0,0,6
567,90,90,90,0,1,1,1,0,0,6
568,90,90,90,0,1,0,0,0,0,6
569,90,90,92,0,1,1,1,0,0,6
570,90,90,90,0,1,1,1,0,2,6
571,90,90,92,0,1,1,1,0,0,6
572,90,90,90,0,1,1,1,0,0,6
573,90,90,86,0,1,1,1,0,0,6
574,90,90,90,0,1,0,0,0,0,6
575,90,90,94,0,1,1,1,0,0,6
576,90,90,90,0,1,1,1,0,0,6
577,90,90,88,0,1,1,1,0,0,6
578,90,90,90,0,1,0,0,0,0,6
579,90,90,86,0,1,1,1,0,0,6
580,90,90,90,0,1,0,0,0,0,6
581,90,90,90,-4,1,1,1,0,0,6
582,90,90,90,0,1,1,1,0,0,6
583,90,90,90,4,1,1,1,0,0,6
584,90,90,90,0,1,1,1,0,0,6
585,90,90,90,-2,1,1,1,0,0,6
586,90,90,90,0,1,1,1,0,0,6
587,90,90,90,0,1,1,1,0,0,6
588,90,90,90,0,1,0,0,0,0,6
589,90,90,90,-2,1,1,1,0,0,6
590,90,90,90,0,1,1,1,0,0,6
591,90,90,90,4,1,1,1,0,0,6
592,90,90,90,0,1,0,0,0,0,6
593,90,90,92,0,1,1,1,0,0,6
594,90,90,90,0,1,0,0,0,0,6
595,90,90,88,0,1,1,1,0,0,6
596,90,90,90,0,1,1,1,0,0,6
597,90,90,94,0,1,1,1,0,0,6
598,90,90,90,0,1,1,1,0,0,6
599,90,90,92,0,1,1,1,0,0,6
600,90,90,90,0,1,1,1,0,0,6
601,90,90,92,0,1,1,1,0,0,6
602,90,90,90,0,1,1,1,0,0,6
603,90,90,92,0,1,1,1,0,0,6
604,90,90,90,0,1,1,1,0,0,6
605,90,90,88,0,1,1,1,0,0,6
606,90,90,90,0,1,1,1,0,0,6
607,90,90,94,0,1,1,1,0,0,6
608,90,90,90,0,1,0,0,0,0,6
609,90,90,90,4,1,1,1,0,0,6
610,90,90,90,0,1,0,0,0,0,6
611,90,90,90,0,1,1,1,0,0,6
612,90,90,90,0,1,0,0,0,0,6
613,90,90,94,0,1,1,1,0,0,6
614,90,90,90,0,1,1,1,0,0,6
615,90,90,92,0,1,1,1,0,0,6
616,90,90,90,0,1,1,1,0,0,6
617,90,90,92,0,1,1,1,0,0,6
618,90,90,90,0,1,1,1,0,0,6
619,90,90,92,0,1,1,1,0,0,6
620,90,90,90,0,1,0,0,0,0,6
621,90,90,92,0,1,1,1,0,0,6
622,90,90,90,0,1,1,1,0,0,6
623,90,90,90,2,1,1,1,0,0,6
624,90,90,90,0,1,0,0,0,0,6
625,90,90,90,4,1,1,1,0,0,6
626,90,90,90,0,1,1,1,0,0,6
627,90,90,90,0,1,1,1,0,0,6
628,90,90,90,0,1,0,0,0,0,6
629,90,90,90,-2,1,1,1,0,0,6
630,90,90,90,0,1,1,1,0,0,6
631,90,90,90,-4,1,1,1,0,0,6
632,90,90,90,0,1,0,0,0,0,6
633,90,90,92,0,1,1,1,0,0,6
634,90,90,90,0,1,0,0,0,0,6
635,90,90,90,0,1,1,1,0,0,6
636,90,90,90,0,1,0,0,0,0,6
637,90,90,94,0,1,1,1,0,0,6
638,90,90,90,0,1,1,1,0,0,6
639,90,90,86,0,1,1,1,0,0,6
640,90,90,90,0,1,0,0,0,0,6
641,90,90,92,0,1,1,1,0,0,6
642,90,90,90,0,1,1,1,0,0,6
643,90,90,92,0,1,1,1,0,0,6
644,90,90,90,0,1,1,1,0,0,6
645,90,90,88,0,1,1,1,0,0,6
646,90,90,90,0,1,0,0,0,0,6
647,90,90,88,0,1,1,1,0,0,6
648,90,90,90,0,1,0,0,0,0,6
649,90,90,90,4,1,1,1,0,0,6
650,90,90,90,0,1,1,1,0,0,6
651,90,90,86,0,1,1,1,0,0,6
652,90,90,90,0,1,1,1,0,0,6
653,90,90,90,0,1,1,1,0,0,6
654,90,90,90,0,1,1,1,0,0,6
655,90,90,92,0,1,1,1,0,0,6
656,90,90,90,0,1,1,1,0,0,6
657,90,90,90,2,1,1,1,0,0,6
658,90,90,90,0,1,1,1,0,0,6
659,90,90,90,0,1,1,1,0,0,6
660,90,90,90,0,1,1,1,0,0,6
661,90,90,86,0,1,1,1,0,0,6
662,90,90,90,0,1,1,1,0,0,6
663,90,90,94,0,1,1,1,0,0,6
664,90,90,90,0,1,0,0,0,0,6
665,90,90,92,0,1,1,1,0,0,6
666,90,90,90,0,1,1,1,0,0,6
667,90,90,90,4,1,1,1,0,0,6
668,90,90,90,0,1,1,1,0,0,6
669,90,90,90,-4,1,1,1,0,0,6
670,90,90,90,0,1,0,0,0,2,6
671,90,90,94,0,1,1,1,0,0,6
672,90,90,90,0,1,0,0,0,0,6
673,90,90,90,2,1,1,1,0,0,6
674,90,90,90,0,1,1,1,0,0,6
675,90,90,92,0,1,1,1,0,0,6
676,90,90,90,0,1,0,0,0,0,6
677,90,90,94,0,1,1,1,0,0,6
678,90,90,90,0,1,1,1,0,0,6
679,90,90,90,-4,1,1,1,0,0,6
680,90,90,90,0,1,0,0,0,0,6
681,90,90,94,0,1,1,1,0,0,6
682,90,90,90,0,1,0,0,0,0,6
683,90,90,88,0,1,1,1,0,0,6
684,90,90,90,0,1,0,0,0,0,6
685,90,90,90,2,1,1,1,0,0,6
686,90,90,90,0,1,0,0,0,0,6
687,90,90,90,-4,1,1,1,0,0,6
688,90,90,90,0,1,1,1,0,0,6
689,90,90,94,0,1,1,1,0,0,6
690,90,90,90,0,1,0,0,0,0,6
691,90,90,90,0,1,1,1,0,0,6
692,90,90,90,0,1,1,1,0,0,6
693,90,90,86,0,1,1,1,0,0,6
694,90,90,90,0,1,1,1,0,0,6
695,90,90,90,-4,1,1,1,0,0,6
696,90,90,90,0,1,1,1,0,0,6
697,90,90,94,0,1,1,1,0,0,6
698,90,90,90,0,1,1,1,0,0,6
699,90,90,90,2,1,1,1,0,0,6
700,90,90,90,0,1,0,0,0,0,6
701,90,90,90,0,1,1,1,0,0,6
702,90,90,90,0,1,0,0,0,0,6
703,90,90,90,-4,1,1,1,0,0,6
704,90,90,90,0,1,1,1,0,0,6
705,90,90,90,4,1,1,1,0,0,6
706,90,90,90,0,1,1,1,0,0,6
707,90,90,90,2,1,1,1,0,0,6
708,90,90,90,0,1,0,0,0,0,6
709,90,90,92,0,1,1,1,0,0,6
710,90,90,90,0,1,0,0,0,0,6
711,90,90,90,0,1,1,1,0,0,6
712,90,90,90,0,1,0,0,0,0,6
713,90,90,94,0,1,1,1,0,0,6
714,90,90,90,0,1,0,0,0,0,6
715,90,90,90,4,1,1,1,0,0,6
716,90,90,90,0,1,0,0,0,0,6
717,90,90,90,-2,1,1,1,0,0,6
718,90,90,90,0,1,0,0,0,0,6
719,90,90,86,0,1,1,1,0,0,6
720,90,90,90,0,1,1,1,0,0,6
721,90,90,88,0,1,1,1,0,0,6
722,90,90,90,0,1,0,0,0,0,6
723,90,90,90,-4,1,1,1,0,0,6
724,90,90,90,0,1,1,1,0,0,6
725,90,90,92,0,1,1,1,0,0,6
726,90,90,90,0,1,1,1,0,0,6
727,90,90,90,-2,1,1,1,0,0,6
728,90,90,90,0,1,0,0,0,0,6
729,90,90,90,0,1,1,1,0,0,6
730,90,90,90,0,1,1,1,0,0,6
731,90,90,90,0,1,1,1,0,0,6
732,90,90,90,0,1,1,1,0,0,6
733,90,90,92,0,1,1,1,0,0,6
734,90,90,90,0,1,0,0,0,0,6
735,90,90,90,0,1,1,1,0,0,6
736,90,90,90,0,1,1,1,0,0,6
737,90,90,94,0,1,1,1,0,0,6
738,90,90,90,0,1,1,1,0,0,6
739,90,90,90,2,1,1,1,0,0,6
740,90,90,90,0,1,1,1,0,0,6
741,90,90,92,0,1,1,1,0,0,6
742,90,90,90,0,1,1,1,0,0,6
743,90,90,86,0,1,1,1,0,0,6
744,90,90,90,0,1,0,0,0,0,6
745,90,90,90,4,1,1,1,0,0,6
746,90,90,90,0,1,1,1,0,0,6
747,90,90,90,0,1,1,1,0,0,6
748,90,90,90,0,1,1,1,0,0,6
749,90,90,90,-4,1,1,1,0,0,6
750,90,90,90,0,1,1,1,0,0,6
751,90,90,94,0,1,1,1,0,0,6
752,90,90,90,0,1,1,1,0,0,6
753,90,90,90,4,1,1,1,0,0,6
754,90,90,90,0,1,0,0,0,0,6
755,90,90,90,-2,1,1,1,0,0,6
756,90,90,90,0,1,0,0,0,0,6
757,90,90,94,0,1,1,1,0,0,6
758,90,90,90,0,1,1,1,0,0,6
759,90,90,90,4,1,1,1,0,0,6
760,90,90,90,0,1,0,0,0,0,6
761,90,90,90,-2,1,1,1,0,0,6
762,90,90,90,0,1,1,1,0,0,6
763,90,90,90,0,1,1,1,0,0,6
764,90,90,90,0,1,0,0,0,0,6
765,90,90,92,0,1,1,1,0,0,6
766,90,90,90,0,1,0,0,0,0,6
767,90,90,90,-4,1,1,1,0,0,6
768,90,90,90,0,1,0,0,0,0,6
769,90,90,86,0,1,1,1,0,0,6
770,90,90,90,0,1,1,1,0,2,6
771,90,90,86,0,1,1,1,0,0,6
772,90,90,90,0,1,1,1,0,0,6
773,90,90,94,0,1,1,1,0,0,6
774,90,90,90,0,1,0,0,0,0,6
775,90,90,92,0,1,1,1,0,0,6
776,90,90,90,0,1,1,1,0,0,6
777,90,90,90,-4,1,1,1,0,0,6
778,90,90,90,0,1,1,1,0,0,6
779,90,90,90,2,1,1,1,0,0,6
780,90,90,90,0,1,1,1,0,0,6
781,90,90,90,2,1,1,1,0,0,6
782,90,90,90,0,1,0,0,0,0,6
783,90,90,90,4,1,1,1,0,0,6
784,90,90,90,0,1,1,1,0,0,6
785,90,90,88,0,1,1,1,0,0,6
786,90,90,90,0,1,0,0,0,0,6
787,90,90,86,0,1,1,1,0,0,6
788,90,90,90,0,1,1,1,0,0,6
789,90,90,86,0,1,1,1,0,0,6
790,90,90,90,0,1,0,0,0,0,6
791,90,90,90,4,1,1,1,0,0,6
792,90,90,90,0,1,1,1,0,0,6
793,90,90,94,0,1,1,1,0,0,6
794,90,90,90,0,1,1,1,0,0,6
795,90,90,88,0,1,1,1,0,0,6
796,90,90,90,0,1,1,1,0,0,6
797,90,90,90,0,1,1,1,0,0,6
798,90,90,90,0,1,0,0,0,0,6
799,90,90,86,0,1,1,1,0,0,6
800,90,90,90,0,1,0,0,0,0,6
801,90,90,90,2,1,1,1,0,0,6
802,90,90,90,0,1,1,1,0,0,6
803,90,90,90,4,1,1,1,0,0,6
804,90,90,90,0,1,1,1,0,0,6
805,90,90,86,0,1,1,1,0,0,6
806,90,90,90,0,1,0,0,0,0,6
807,90,90,88,0,1,1,1,0,0,6
808,90,90,90,0,1,1,1,0,0,6
809,90,90,90,-2,1,1,1,0,0,6
810,90,90,90,0,1,0,0,0,0,6
811,90,90,90,-4,1,1,1,0,0,6
812,90,90,90,0,1,0,0,0,0,6
813,90,90,94,0,1,1,1,0,0,6
814,90,90,90,0,1,0,0,0,0,6
815,90,90,88,0,1,1,1,0,0,6
816,90,90,90,0,1,0,0,0,0,6
817,90,90,90,-2,1,1,1,0,0,6
818,90,90,90,0,1,0,0,0,0,6
819,90,90,90,2,1,1,1,0,0,6
820,90,90,90,0,1,1,1,0,0,6
821,90,90,90,-4,1,1,1,0,0,6
822,90,90,90,0,1,1,1,0,0,6
823,90,90,86,0,1,1,1,0,0,6
824,90,90,90,0,1,1,1,0,0,6
825,90,90,94,0,1,1,1,0,0,6
826,90,90,90,0,1,0,0,0,0,6
827,90,90,90,4,1,1,1,0,0,6
828,90,90,90,0,1,1,1,0,0,6
829,90,90,90,-2,1,1,1,0,0,6
830,90,90,90,0,1,0,0,0,0,6
831,90,90,90,4,1,1,1,0,0,6
832,90,90,90,0,1,0,0,0,0,6
833,90,90,94,0,1,1,1,0,0,6
834,90,90,90,0,1,0,0,0,0,6
835,90,90,90,2,1,1,1,0,0,6
836,90,90,90,0,1,1,1,0,0,6
837,90,90,90,-4,1,1,1,0,0,6
838,90,90,90,0,1,1,1,0,0,6
839,90,90,90,-2,1,1,1,0,0,6
840,90,90,90,0,1,1,1,0,0,6
841,90,90,94,0,1,1,1,0,0,6
842,90,90,90,0,1,1,1,0,0,6
843,90,90,88,0,1,1,1,0,0,6
844,90,90,90,0,1,1,1,0,0,6
845,90,90,90,4,1,1,1,0,0,6
846,90,90,90,0,1,1,1,0,0,6
847,90,90,94,0,1,1,1,0,0,6
848,90,90,90,0,1,1,1,0,0,6
849,90,90,90,0,1,1,1,0,0,6
850,90,90,90,0,1,0,0,0,0,6
851,90,90,90,-4,1,1,1,0,0,6
852,90,90,90,0,1,1,1,0,0,6
853,90,90,90,2,1,1,1,0,0,6
854,90,90,90,0,1,0,0,0,0,6
855,90,90,90,0,1,1,1,0,0,6
856,90,90,90,0,1,1,1,0,0,6
857,90,90,92,0,1,1,1,0,0,6
858,90,90,90,0,1,1,1,0,0,6
859,90,90,90,-4,1,1,1,0,0,6
860,90,90,90,0,1,1,1,0,0,6
861,90,90,90,4,1,1,1,0,0,6
862,90,90,90,0,1,0,0,0,0,6
863,90,90,90,0,1,1,1,0,0,6
864,90,90,90,0,1,0,0,0,0,6
865,90,90,92,0,1,1,1,0,0,6
866,90,90,90,0,1,1,1,0,0,6
867,90,90,94,0,1,1,1,0,0,6
868,90,90,90,0,1,0,0,0,0,6
869,90,90,90,-4,1,1,1,0,0,6
870,90,90,90,0,1,0,0,0,2,6
871,90,90,86,0,1,1,1,0,0,6
872,90,90,90,0,1,0,0,0,0,6
873,90,90,86,0,1,1,1,0,0,6
874,90,90,90,0,1,0,0,0,0,6
875,90,90,90,0,1,1,1,0,0,6
876,90,90,90,0,1,0,0,0,0,6
877,90,90,90,-4,1,1,1,0,0,6
878,90,90,90,0,1,1,1,0,0,6
879,90,90,90,-2,1,1,1,0,0,6
880,90,90,90,0,1,0,0,0,0,6
881,90,90,90,2,1,1,1,0,0,6
882,90,90,90,0,1,1,1,0,0,6
883,90,90,90,0,1,1,1,0,0,6
884,90,90,90,0,1,1,1,0,0,6
885,90,90,90,-2,1,1,1,0,0,6
886,90,90,90,0,1,1,1,0,0,6
887,90,90,88,0,1,1,1,0,0,6
888,90,90,90,0,1,0,0,0,0,6
889,90,90,90,-2,1,1,1,0,0,6
890,90,90,90,0,1,1,1,0,0,6
891,90,90,90,0,1,1,1,0,0,6
892,90,90,90,0,1,0,0,0,0,6
893,90,90,90,-2,1,1,1,0,0,6
894,90,90,90,0,1,0,0,0,0,6
895,90,90,90,-4,1,1,1,0,0,6
896,90,90,90,0,1,1,1,0,0,6
897,90,90,90,0,1,1,1,0,0,6
898,90,90,90,0,1,0,0,0,0,6
899,90,90,86,0,1,1,1,0,0,6
900,90,90,90,0,1,0,0,0,0,6
901,90,90,88,0,1,1,1,0,0,6
902,90,90,90,0,1,0,0,0,0,6
903,90,90,92,0,1,1,1,0,0,6
904,90,90,90,0,1,0,0,0,0,6
905,90,90,88,0,1,1,1,0,0,6
906,90,90,90,0,1,0,0,0,0,6
907,90,90,86,0,1,1,1,0,0,6
908,90,90,90,0,1,0,0,0,0,6
909,90,90,92,0,1,1,1,0,0,6
910,90,90,90,0,1,0,0,0,0,6
911,90,90,90,0,1,1,1,0,0,6
912,90,90,90,0,1,0,0,0,0,6
913,90,90,90,-2,1,1,1,0,0,6
914,90,90,90,0,1,1,1,0,0,6
915,90,90,88,0,1,1,1,0,0,6
916,90,90,90,0,1,1,1,0,0,6
917,90,90,90,-4,1,1,1,0,0,6
918,90,90,90,0,1,0,0,0,0,6
919,90,90,90,0,1,1,1,0,0,6
920,90,90,90,0,1,0,0,0,0,6
921,90,90,90,0,1,1,1,0,0,6
922,90,90,90,0,1,0,0,0,0,6
923,90,90,88,0,1,1,1,0,0,6
924,90,90,90,0,1,1,1,0,0,6
925,90,90,88,0,1,1,1,0,0,6
926,90,90,90,0,1,1,1,0,0,6
927,90,90,90,-4,1,1,1,0,0,6
928,90,90,90,0,1,0,0,0,0,6
929,90,90,90,4,1,1,1,0,0,6
930,90,90,90,0,1,0,0,0,0,6
931,90,90,90,-4,1,1,1,0,0,6
932,90,90,90,0,1,0,0,0,0,6
933,90,90,86,0,1,1,1,0,0,6
934,90,90,90,0,1,1,1,0,0,6
935,90,90,94,0,1,1,1,0,0,6
936,90,90,90,0,1,1,1,0,0,6
937,90,90,90,-2,1,1,1,0,0,6
938,90,90,90,0,1,0,0,0,0,6
939,90,90,90,-4,1,1,1,0,0,6
940,90,90,90,0,1,1,1,0,0,6
941,90,90,90,-4,1,1,1,0,0,6
942,90,90,90,0,1,1,1,0,0,6
943,90,90,88,0,1,1,1,0,0,6
944,90,90,90,0,1,1,1,0,0,6
945,90,90,92,0,1,1,1,0,0,6
946,90,90,90,0,1,0,0,0,0,6
947,90,90,90,-4,1,1,1,0,0,6
948,90,90,90,0,1,0,0,0,0,6
949,90,90,88,0,1,1,1,0,0,6
950,90,90,90,0,1,0,0,0,0,6
951,90,90,90,0,1,1,1,0,0,6
952,90,90,90,0,1,1,1,0,0,6
953,90,90,92,0,1,1,1,0,0,6
954,90,90,90,0,1,1,1,0,0,6
955,90,90,94,0,1,1,1,0,0,6
956,90,90,90,0,1,0,0,0,0,6
957,90,90,86,0,1,1,1,0,0,6
958,90,90,90,0,1,0,0,0,0,6
959,90,90,90,4,1,1,1,0,0,6
960,90,90,90,0,1,0,0,0,0,6
961,90,90,88,0,1,1,1,0,0,6
962,90,90,90,0,1,0,0,0,0,6
963,90,90,90,0,1,1,1,0,0,6
964,90,90,90,0,1,1,1,0,0,6
965,90,90,86,0,1,1,1,0,0,6
966,90,90,90,0,1,1,1,0,0,6
967,90,90,88,0,1,1,1,0,0,6
968,90,90,90,0,1,1,1,0,0,6
969,90,90,90,2,1,1,1,0,0,6
970,90,90,90,0,1,0,0,0,2,6
971,90,90,90,-2,1,1,1,0,0,6
972,90,90,90,0,1,1,1,0,0,6
973,90,90,90,-4,1,1,1,0,0,6
974,90,90,90,0,1,1,1,0,0,6
975,90,90,90,0,1,1,1,0,0,6
976,90,90,90,0,1,1,1,0,0,6
977,90,90,90,-4,1,1,1,0,0,6
978,90,90,90,0,1,1,1,0,0,6
979,90,90,90,2,1,1,1,0,0,6
980,90,90,90,0,1,0,0,0,0,6
981,90,90,90,-4,1,1,1,0,0,6
982,90,90,90,0,1,0,0,0,0,6
983,90,90,92,0,1,1,1,0,0,6
984,90,90,90,0,1,0,0,0,0,6
985,90,90,92,0,1,1,1,0,0,6
986,90,90,90,0,1,0,0,0,0,6
987,90,90,90,0,1,1,1,0,0,6
988,90,90,90,0,1,1,1,0,0,6
989,90,90,90,0,1,1,1,0,0,6
990,90,90,90,0,1,0,0,0,0,6
991,90,90,88,0,1,1,1,0,0,6
992,90,90,90,0,1,1,1,0,0,6
993,90,90,90,2,1,1,1,0,0,6
994,90,90,90,0,1,0,0,0,0,6
995,90,90,94,0,1,1,1,0,0,6
996,90,90,90,0,1,1,1,0,0,6
997,90,90,90,-2,1,1,1,0,0,6
998,90,90,90,0,1,1,1,0,0,6
999,90,90,92,0,1,1,1,0,0,6
1000,90,90,90,0,1,1,1,0,0,6
1001,90,90,90,-2,1,1,1,0,0,6
1002,90,90,90,0,1,1,1,0,0,6
1003,90,90,90,4,1,1,1,0,0,6
1004,90,90,90,0,1,1,1,0,0,6
1005,90,90,86,0,1,1,1,0,0,6
1006,90,90,90,0,1,1,1,0,0,6
1007,90,90,90,-4,1,1,1,0,0,6
1008,90,90,90,0,1,0,0,0,0,6
1009,90,90,90,2,1,1,1,0,0,6
1010,90,90,90,0,1,0,0,0,0,6
1011,90,90,92,0,1,1,1,0,0,6
1012,90,90,90,0,1,1,1,0,0,6
1013,90,90,90,-4,1,1,1,0,0,6
1014,90,90,90,0,1,1,1,0,0,6
1015,90,90,90,-2,1,1,1,0,0,6
1016,90,90,90,0,1,0,0,0,0,6
1017,90,90,88,0,1,1,1,0,0,6
1018,90,90,90,0,1,0,0,0,0,6
1019,90,90,94,0,1,1,1,0,0,6
1020,90,90,90,0,1,0,0,0,0,6
1021,90,90,92,0,1,1,1,0,0,6
1022,90,90,90,0,1,1,1,0,0,6
1023,90,90,86,0,1,1,1,0,0,6
1024,90,90,90,0,1,1,1,0,0,6
1025,90,90,92,0,1,1,1,0,0,6
1026,90,90,90,0,1,0,0,0,0,6
1027,90,90,90,2,1,1,1,0,0,6
1028,90,90,90,0,1,1,1,0,0,6
1029,90,90,94,0,1,1,1,0,0,6
1030,90,90,90,0,1,1,1,0,0,6
1031,90,90,92,0,1,1,1,0,0,6
1032,90,90,90,0,1,0,0,0,0,6
1033,90,90,90,-2,1,1,1,0,0,6
1034,90,90,90,0,1,1,1,0,0,6
1035,90,90,86,0,1,1,1,0,0,6
1036,90,90,90,0,1,1,1,0,0,6
1037,90,90,90,4,1,1,1,0,0,6
1038,90,90,90,0,1,0,0,0,0,6
1039,90,90,90,4,1,1,1,0,0,6
1040,90,90,90,0,1,1,1,0,0,6
1041,90,90,88,0,1,1,1,0,0,6
1042,90,90,90,0,1,0,0,0,0,6
1043,90,90,88,0,1,1,1,0,0,6
1044,90,90,90,0,1,1,1,0,0,6
1045,90,90,90,2,1,1,1,0,0,6
1046,90,90,90,0,1,1,1,0,0,6
1047,90,90,90,4,1,1,1,0,0,6
1048,90,90,90,0,1,1,1,0,0,6
1049,90,90,90,-4,1,1,1,0,0,6
1050,90,90,90,0,1,0,0,0,0,6
1051,90,90,86,0,1,1,1,0,0,6
1052,90,90,90,0,1,1,1,0,0,6
1053,90,90,90,0,1,1,1,0,0,6
1054,90,90,90,0,1,0,0,0,0,6
1055,90,90,90,-4,1,1,1,0,0,6
1056,90,90,90,0,1,0,0,0,0,6
1057,90,90,90,0,1,1,1,0,0,6
1058,90,90,90,0,1,0,0,0,0,6
1059,90,90,90,2,1,1,1,0,0,6
1060,90,90,90,0,1,0,0,0,0,6
1061,90,90,90,4,1,1,1,0,0,6
1062,90,90,90,0,1,1,1,0,0,6
1063,90,90,90,0,1,1,1,0,0,6
1064,90,90,90,0,1,0,0,0,0,6
1065,90,90,90,0,1,1,1,0,0,6
1066,90,90,90,0,1,1,1,0,0,6
1067,90,90,90,-2,1,1,1,0,0,6
1068,90,90,90,0,1,0,0,0,0,6
1069,90,90,90,4,1,1,1,0,0,6
1070,90,90,90,0,1,1,1,0,2,6
1071,90,90,90,-2,1,1,1,0,0,6
1072,90,90,90,0,1,1,1,0,0,6
1073,90,90,90,0,1,1,1,0,0,6
1074,90,90,90,0,1,1,1,0,0,6
1075,90,90,90,2,1,1,1,0,0,6
1076,90,90,90,0,1,0,0,0,0,6
1077,90,90,90,2,1,1,1,0,0,6
1078,90,90,90,0,1,0,0,0,0,6
1079,90,90,86,0,1,1,1,0,0,6
1080,90,90,90,0,1,0,0,0,0,6
1081,90,90,90,-4,1,1,1,0,0,6
1082,90,90,90,0,1,1,1,0,0,6
1083,90,90,86,0,1,1,1,0,0,6
1084,90,90,90,0,1,0,0,0,0,6
1085,90,90,90,-4,1,1,1,0,0,6
1086,90,90,90,0,1,1,1,0,0,6
1087,90,90,88,0,1,1,1,0,0,6
1088,90,90,90,0,1,0,0,0,0,6
1089,90,90,94,0,1,1,1,0,0,6
1090,90,90,90,0,1,0,0,0,0,6
1091,90,90,90,2,1,1,1,0,0,6
1092,90,90,90,0,1,1,1,0,0,6
1093,90,90,90,-4,1,1,1,0,0,6
1094,90,90,90,0,1,0,0,0,0,6
1095,90,90,94,0,1,1,1,0,0,6
1096,90,90,90,0,1,0,0,0,0,6
1097,90,90,90,-2,1,1,1,0,0,6
1098,90,90,90,0,1,1,1,0,0,6
1099,90,90,90,4,1,1,1,0,0,6
1100,90,90,90,0,1,1,1,0,0,6
1101,90,90,90,0,1,1,1,0,0,6
1102,90,90,90,0,1,1,1,0,0,6
1103,90,90,90,-4,1,1,1,0,0,6
1104,90,90,90,0,1,0,0,0,0,6
1105,90,90,90,2,1,1,1,0,0,6
1106,90,90,90,0,1,0,0,0,0,6
1107,90,90,90,-2,1,1,1,0,0,6
1108,90,90,90,0,1,1,1,0,0,6
1109,90,90,88,0,1,1,1,0,0,6
1110,90,90,90,0,1,1,1,0,0,6
1111,90,90,86,0,1,1,1,0,0,6
1112,90,90,90,0,1,1,1,0,0,6
1113,90,90,86,0,1,1,1,0,0,6
1114,90,90,90,0,1,0,0,0,0,6
1115,90,90,90,2,1,1,1,0,0,6
1116,90,90,90,0,1,1,1,0,0,6
1117,90,90,90,0,1,1,1,0,0,6
1118,90,90,90,0,1,1,1,0,0,6
1119,90,90,94,0,1,1,1,0,0,6
1120,90,90,90,0,1,1,1,0,0,6
1121,90,90,90,-2,1,1,1,0,0,6
1122,90,90,90,0,1,1,1,0,0,6
1123,90,90,88,0,1,1,1,0,0,6
1124,90,90,90,0,1,1,1,0,0,6
1125,90,90,88,0,1,1,1,0,0,6
1126,90,90,90,0,1,0,0,0,0,6
1127,90,90,86,0,1,1,1,0,0,6
1128,90,90,90,0,1,1,1,0,0,6
1129,90,90,90,0,1,1,1,0,0,6
1130,90,90,90,0,1,0,0,0,0,6
1131,90,90,90,2,1,1,1,0,0,6
1132,90,90,90,0,1,0,0,0,0,6
1133,90,90,90,2,1,1,1,0,0,6
1134,90,90,90,0,1,0,0,0,0,6
1135,90,90,88,0,1,1,1,0,0,6
1136,90,90,90,0,1,1,1,0,0,6
1137,90,90,90,-2,1,1,1,0,0,6
1138,90,90,90,0,1,0,0,0,0,6
1139,90,90,88,0,1,1,1,0,0,6
1140,90,90,90,0,1,0,0,0,0,6
1141,90,90,92,0,1,1,1,0,0,6
1142,90,90,90,0,1,0,0,0,0,6
1143,90,90,90,4,1,1,1,0,0,6
1144,90,90,90,0,1,1,1,0,0,6
1145,90,90,94,0,1,1,1,0,0,6
1146,90,90,90,0,1,1,1,0,0,6
1147,90,90,90,-2,1,1,1,0,0,6
1148,90,90,90,0,1,1,1,0,0,6
1149,90,90,88,0,1,1,1,0,0,6
1150,90,90,90,0,1,0,0,0,0,6
1151,90,90,90,-2,1,1,1,0,0,6
1152,90,90,90,0,1,1,1,0,0,6
1153,90,90,94,0,1,1,1,0,0,6
1154,90,90,90,0,1,1,1,0,0,6
1155,90,90,94,0,1,1,1,0,0,6
1156,90,90,90,0,1,1,1,0,0,6
1157,90,90,90,0,1,1,1,0,0,6
1158,90,90,90,0,1,0,0,0,0,6
1159,90,90,86,0,1,1,1,0,0,6
1160,90,90,90,0,1,1,1,0,0,6
1161,90,90,90,2,1,1,1,0,0,6
1162,90,90,90,0,1,1,1,0,0,6
1163,90,90,92,0,1,1,1,0,0,6
1164,90,90,90,0,1,1,1,0,0,6
1165,90,90,92,0,1,1,1,0,0,6
1166,90,90,90,0,1,0,0,0,0,6
1167,90,90,94,0,1,1,1,0,0,6
1168,90,90,90,0,1,1,1,0,0,6
1169,90,90,94,0,1,1,1,0,0,6
1170,90,90,90,0,1,1,1,0,2,6
1171,90,90,90,0,1,1,1,0,0,6
1172,90,90,90,0,1,0,0,0,0,6
1173,90,90,90,4,1,1,1,0,0,6
1174,90,90,90,0,1,0,0,0,0,6
1175,90,90,90,0,1,1,1,0,0,6
1176,90,90,90,0,1,0,0,0,0,6
1177,90,90,92,0,1,1,1,0,0,6
1178,90,90,90,0,1,1,1,0,0,6
1179,90,90,90,0,1,1,1,0,0,6
1180,90,90,90,0,1,1,1,0,0,6
1181,90,90,90,0,1,1,1,0,0,6
1182,90,90,90,0,1,0,0,0,0,6
1183,90,90,90,2,1,1,1,0,0,6
1184,90,90,90,0,1,1,1,0,0,6
1185,90,90,88,0,1,1,1,0,0,6
1186,90,90,90,0,1,0,0,0,0,6
1187,90,90,90,0,1,1,1,0,0,6
1188,90,90,90,0,1,0,0,0,0,6
1189,90,90,94,0,1,1,1,0,0,6
1190,90,90,90,0,1,0,0,0,0,6
1191,90,90,90,-4,1,1,1,0,0,6
1192,90,90,90,0,1,1,1,0,0,6
1193,90,90,90,0,1,1,1,0,0,6
1194,90,90,90,0,1,0,0,0,0,6
1195,90,90,90,2,1,1,1,0,0,6
1196,90,90,90,0,1,1,1,0,0,6
1197,90,90,90,4,1,1,1,0,0,6
1198,90,90,90,0,1,1,1,0,0,6
1199,90,90,90,0,1,1,1,0,0,6
1200,90,90,90,0,1,0,0,0,0,6
1201,90,90,88,0,1,1,1,0,0,6
1202,90,90,90,0,1,1,1,0,0,6
1203,90,90,88,0,1,1,1,0,0,6
1204,90,90,90,0,1,0,0,0,0,6
1205,90,90,90,-2,1,1,1,0,0,6
1206,90,90,90,0,1,0,0,0,0,6
1207,90,90,88,0,1,1,1,0,0,6
1208,90,90,90,0,1,1,1,0,0,6
1209,90,90,90,-2,1,1,1,0,0,6
1210,90,90,90,0,1,1,1,0,0,6
1211,90,90,90,4,1,1,1,0,0,6
1212,90,90,90,0,1,0,0,0,0,6
1213,90,90,94,0,1,1,1,0,0,6
1214,90,90,90,0,1,0,0,0,0,6
1215,90,90,88,0,1,1,1,0,0,6
1216,90,90,90,0,1,1,1,0,0,6
1217,90,90,88,0,1,1,1,0,0,6
1218,90,90,90,0,1,1,1,0,0,6
1219,90,90,92,0,1,1,1,0,0,6
1220,90,90,90,0,1,0,0,0,0,6
1221,90,90,94,0,1,1,1,0,0,6
1222,90,90,90,0,1,1,1,0,0,6
1223,90,90,90,4,1,1,1,0,0,6
1224,90,90,90,0,1,0,0,0,0,6
1225,90,90,94,0,1,1,1,0,0,6
1226,90,90,90,0,1,0,0,0,0,6
1227,90,90,90,0,1,1,1,0,0,6
1228,90,90,90,0,1,0,0,0,0,6
1229,90,90,90,2,1,1,1,0,0,6
1230,90,90,90,0,1,1,1,0,0,6
1231,90,90,88,0,1,1,1,0,0,6
1232,90,90,90,0,1,0,0,0,0,6
1233,90,90,90,-2,1,1,1,0,0,6
1234,90,90,90,0,1,0,0,0,0,6
1235,90,90,90,-4,1,1,1,0,0,6
1236,90,90,90,0,1,1,1,0,0,6
1237,90,90,88,0,1,1,1,0,0,6
1238,90,90,90,0,1,1,1,0,0,6
1239,90,90,88,0,1,1,1,0,0,6
1240,90,90,90,0,1,1,1,0,0,6
1241,90,90,90,4,1,1,1,0,0,6
1242,90,90,90,0,1,1,1,0,0,6
1243,90,90,94,0,1,1,1,0,0,6
1244,90,90,90,0,1,1,1,0,0,6
1245,90,90,88,0,1,1,1,0,0,6
1246,90,90,90,0,1,1,1,0,0,6
1247,90,90,90,4,1,1,1,0,0,6
1248,90,90,90,0,1,1,1,0,0,6
1249,90,90,94,0,1,1,1,0,0,6
1250,90,90,90,0,1,1,1,0,0,6
1251,90,90,90,4,1,1,1,0,0,6
1252,90,90,90,0,1,1,1,0,0,6
1253,90,90,92,0,1,1,1,0,0,6
1254,90,90,90,0,1,1,1,0,0,6
1255,90,90,94,0,1,1,1,0,0,6
1256,90,90,90,0,1,0,0,0,0,6
1257,90,90,88,0,1,1,1,0,0,6
1258,90,90,90,0,1,0,0,0,0,6
1259,90,90,86,0,1,1,1,0,0,6
1260,90,90,90,0,1,0,0,0,0,6
1261,90,90,90,-2,1,1,1,0,0,6
1262,90,90,90,0,1,0,0,0,0,6
1263,90,90,90,-4,1,1,1,0,0,6
1264,90,90,90,0,1,1,1,0,0,6
1265,90,90,90,4,1,1,1,0,0,6
1266,90,90,90,0,1,1,1,0,0,6
1267,90,90,90,2,1,1,1,0,0,6
1268,90,90,90,0,1,1,1,0,0,6
1269,90,90,86,0,1,1,1,0,0,6
1270,90,90,90,0,1,1,1,0,2,6
1271,90,90,90,-2,1,1,1,0,0,6
1272,90,90,90,0,1,0,0,0,0,6
1273,90,90,88,0,1,1,1,0,0,6
1274,90,90,90,0,1,0,0,0,0,6
1275,90,90,94,0,1,1,1,0,0,6
1276,90,90,90,0,1,0,0,0,0,6
1277,90,90,86,0,1,1,1,0,0,6
1278,90,90,90,0,1,0,0,0,0,6
1279,90,90,86,0,1,1,1,0,0,6
1280,90,90,90,0,1,0,0,0,0,6
1281,90,90,90,-2,1,1,1,0,0,6
1282,90,90,90,0,1,1,1,0,0,6
1283,90,90,90,2,1,1,1,0,0,6
1284,90,90,90,0,1,0,0,0,0,6
1285,90,90,90,2,1,1,1,0,0,6
1286,90,90,90,0,1,1,1,0,0,6
1287,90,90,90,-4,1,1,1,0,0,6
1288,90,90,90,0,1,0,0,0,0,6
1289,90,90,86,0,1,1,1,0,0,6
1290,90,90,90,0,1,1,1,0,0,6
1291,90,90,90,4,1,1,1,0,0,6
1292,90,90,90,0,1,1,1,0,0,6
1293,90,90,90,2,1,1,1,0,0,6
1294,90,90,90,0,1,0,0,0,0,6
1295,90,90,90,-4,1,1,1,0,0,6
1296,90,90,90,0,1,1,1,0,0,6
1297,90,90,86,0,1,1,1,0,0,6
1298,90,90,90,0,1,0,0,0,0,6
1299,90,90,86,0,1,1,1,0,0,6
1300,90,90,90,0,1,0,0,0,0,6
1301,90,90,92,0,1,1,1,0,0,6
1302,90,90,90,0,1,1,1,0,0,6
1303,90,90,92,0,1,1,1,0,0,6
1304,90,90,90,0,1,0,0,0,0,6
1305,90,90,88,0,1,1,1,0,0,6
1306,90,90,90,0,1,0,0,0,0,6
1307,90,90,90,4,1,1,1,0,0,6
1308,90,90,90,0,1,0,0,0,0,6
1309,90,90,86,0,1,1,1,0,0,6
1310,90,90,90,0,1,1,1,0,0,6
1311,90,90,90,0,1,1,1,0,0,6
1312,90,90,90,0,1,1,1,0,0,6
1313,90,90,90,2,1,1,1,0,0,6
1314,90,90,90,0,1,1,1,0,0,6
1315,90,90,90,2,1,1,1,0,0,6
1316,90,90,90,0,1,1,1,0,0,6
1317,90,90,90,-2,1,1,1,0,0,6
1318,90,90,90,0,1,0,0,0,0,6
1319,90,90,94,0,1,1,1,0,0,6
1320,90,90,90,0,1,0,0,0,0,6
1321,90,90,90,-4,1,1,1,0,0,6
1322,90,90,90,0,1,1,1,0,0,6
1323,90,90,90,2,1,1,1,0,0,6
1324,90,90,90,0,1,1,1,0,0,6
1325,90,90,90,0,1,1,1,0,0,6
1326,90,90,90,0,1,1,1,0,0,6
1327,90,90,90,-4,1,1,1,0,0,6
1328,90,90,90,0,1,0,0,0,0,6
1329,90,90,90,-2,1,1,1,0,0,6
1330,90,90,90,0,1,0,0,0,0,6
1331,90,90,90,0,1,1,1,0,0,6
1332,90,90,90,0,1,0,0,0,0,6
1333,90,90,90,-4,1,1,1,0,0,6
1334,90,90,90,0,1,1,1,0,0,6
1335,90,90,86,0,1,1,1,0,0,6
1336,90,90,90,0,1,1,1,0,0,6
1337,90,90,90,2,1,1,1,0,0,6
1338,90,90,90,0,1,1,1,0,0,6
1339,90,90,90,0,1,1,1,0,0,6
1340,90,90,90,0,1,0,0,0,0,6
1341,90,90,90,4,1,1,1,0,0,6
1342,90,90,90,0,1,1,1,0,0,6
1343,90,90,92,0,1,1,1,0,0,6
1344,90,90,90,0,1,1,1,0,0,6
1345,90,90,90,0,1,1,1,0,0,6
1346,90,90,90,0,1,1,1,0,0,6
1347,90,90,92,0,1,1,1,0,0,6
1348,90,90,90,0,1,1,1,0,0,6
1349,90,90,88,0,1,1,1,0,0,6
1350,90,90,90,0,1,1,1,0,0,6
1351,90,90,90,-4,1,1,1,0,0,6
1352,90,90,90,0,1,0,0,0,0,6
1353,90,90,88,0,1,1,1,0,0,6
1354,90,90,90,0,1,0,0,0,0,6
1355,90,90,90,0,1,1,1,0,0,6
1356,90,90,90,0,1,1,1,0,0,6
1357,90,90,90,4,1,1,1,0,0,6
1358,90,90,90,0,1,0,0,0,0,6
1359,90,90,94,0,1,1,1,0,0,6
1360,90,90,90,0,1,0,0,0,0,6
1361,90,90,94,0,1,1,1,0,0,6
1362,90,90,90,0,1,0,0,0,0,6
1363,90,90,88,0,1,1,1,0,0,6
1364,90,90,90,0,1,1,1,0,0,6
1365,90,90,86,0,1,1,1,0,0,6
1366,90,90,90,0,1,1,1,0,0,6
1367,90,90,90,-2,1,1,1,0,0,6
1368,90,90,90,0,1,0,0,0,0,6
1369,90,90,86,0,1,1,1,0,0,6
1370,90,90,90,0,1,1,1,0,2,6
1371,90,90,90,0,1,1,1,0,0,6
1372,90,90,90,0,1,0,0,0,0,6
1373,90,90,90,2,1,1,1,0,0,6
1374,90,90,90,0,1,0,0,0,0,6
1375,90,90,90,2,1,1,1,0,0,6
1376,90,90,90,0,1,1,1,0,0,6
1377,90,90,88,0,1,1,1,0,0,6
1378,90,90,90,0,1,0,0,0,0,6
1379,90,90,90,4,1,1,1,0,0,6
1380,90,90,90,0,1,1,1,0,0,6
1381,90,90,94,0,1,1,1,0,0,6
1382,90,90,90,0,1,1,1,0,0,6
1383,90,90,90,2,1,1,1,0,0,6
1384,90,90,90,0,1,0,0,0,0,6
1385,90,90,90,4,1,1,1,0,0,6
1386,90,90,90,0,1,1,1,0,0,6
1387,90,90,90,2,1,1,1,0,0,6
1388,90,90,90,0,1,1,1,0,0,6
1389,90,90,94,0,1,1,1,0,0,6
1390,90,90,90,0,1,0,0,0,0,6
1391,90,90,88,0,1,1,1,0,0,6
1392,90,90,90,0,1,0,0,0,0,6
1393,90,90,90,-4,1,1,1,0,0,6
1394,90,90,90,0,1,1,1,0,0,6
1395,90,90,90,2,1,1,1,0,0,6
1396,90,90,90,0,1,1,1,0,0,6
1397,90,90,90,0,1,1,1,0,0,6
1398,90,90,90,0,1,0,0,0,0,6
1399,90,90,88,0,1,1,1,0,0,6
1400,90,90,90,0,1,1,1,0,0,6
1401,90,90,90,4,1,1,1,0,0,6
1402,90,90,90,0,1,1,1,0,0,6
1403,90,90,90,-4,1,1,1,0,0,6
1404,90,90,90,0,1,0,0,0,0,6
1405,90,90,90,-2,1,1,1,0,0,6
1406,90,90,90,0,1,0,0,0,0,6
1407,90,90,90,0,1,1,1,0,0,6
1408,90,90,90,0,1,0,0,0,0,6
1409,90,90,90,0,1,1,1,0,0,6
1410,90,90,90,0,1,1,1,0,0,6
1411,90,90,88,0,1,1,1,0,0,6
1412,90,90,90,0,1,0,0,0,0,6
1413,90,90,94,0,1,1,1,0,0,6
1414,90,90,90,0,1,0,0,0,0,6
1415,90,90,90,-4,1,1,1,0,0,6
1416,90,90,90,0,1,0,0,0,0,6
1417,90,90,90,-2,1,1,1,0,0,6
1418,90,90,90,0,1,1,1,0,0,6
1419,90,90,90,2,1,1,1,0,0,6
1420,90,90,90,0,1,1,1,0,0,6
1421,90,90,90,2,1,1,1,0,0,6
1422,90,90,90,0,1,1,1,0,0,6
1423,90,90,90,-4,1,1,1,0,0,6
1424,90,90,90,0,1,1,1,0,0,6
1425,90,90,90,4,1,1,1,0,0,6
1426,90,90,90,0,1,1,1,0,0,6
1427,90,90,90,-4,1,1,1,0,0,6
1428,90,90,90,0,1,1,1,0,0,6
1429,90,90,88,0,1,1,1,0,0,6
1430,90,90,90,0,1,0,0,0,0,6
1431,90,90,90,-4,1,1,1,0,0,6
1432,90,90,90,0,1,0,0,0,0,6
1433,90,90,92,0,1,1,1,0,0,6
1434,90,90,90,0,1,1,1,0,0,6
1435,90,90,90,-2,1,1,1,0,0,6
1436,90,90,90,0,1,0,0,0,0,6
1437,90,90,90,0,1,1,1,0,0,6
1438,90,90,90,0,1,0,0,0,0,6
1439,90,90,90,2,1,1,1,0,0,6
1440,90,90,90,0,1,1,1,0,0,6
1441,90,90,90,-2,1,1,1,0,0,6
1442,90,90,90,0,1,0,0,0,0,6
1443,90,90,90,-2,1,1,1,0,0,6
1444,90,90,90,0,1,0,0,0,0,6
1445,90,90,90,-4,1,1,1,0,0,6
1446,90,90,90,0,1,0,0,0,0,6
1447,90,90,90,0,1,1,1,0,0,6
1448,90,90,90,0,1,0,0,0,0,6
1449,90,90,94,0,1,1,1,0,0,6
1450,90,90,90,0,1,0,0,0,0,6
1451,90,90,92,0,1,1,1,0,0,6
1452,90,90,90,0,1,1,1,0,0,6
1453,90,90,90,4,1,1,1,0,0,6
1454,90,90,90,0,1,0,0,0,0,6
1455,90,90,94,0,1,1,1,0,0,6
1456,90,90,90,0,1,0,0,0,0,6
1457,90,90,90,-2,1,1,1,0,0,6
1458,90,90,90,0,1,1,1,0,0,6
1459,90,90,90,2,1,1,1,0,0,6
1460,90,90,90,0,1,0,0,0,0,6
1461,90,90,94,0,1,1,1,0,0,6
1462,90,90,90,0,1,0,0,0,0,6
1463,90,90,90,4,1,1,1,0,0,6
1464,90,90,90,0,1,0,0,0,0,6
1465,90,90,90,4,1,1,1,0,0,6
1466,90,90,90,0,1,1,1,0,0,6
1467,90,90,90,-4,1,1,1,0,0,6
1468,90,90,90,0,1,0,0,0,0,6
1469,90,90,92,0,1,1,1,0,0,6
1470,90,90,90,0,1,0,0,0,2,6
1471,90,90,92,0,1,1,1,0,0,6
1472,90,90,90,0,1,1,1,0,0,6
1473,90,90,90,-2,1,1,1,0,0,6
1474,90,90,90,0,1,1,1,0,0,6
1475,90,90,90,4,1,1,1,0,0,6
1476,90,90,90,0,1,1,1,0,0,6
1477,90,90,90,0,1,1,1,0,0,6
1478,90,90,90,0,1,0,0,0,0,6
1479,90,90,90,0,1,1,1,0,0,6
1480,90,90,90,0,1,0,0,0,0,6
1481,90,90,88,0,1,1,1,0,0,6
1482,90,90,90,0,1,1,1,0,0,6
1483,90,90,90,0,1,1,1,0,0,6
1484,90,90,90,0,1,1,1,0,0,6
1485,90,90,90,-4,1,1,1,0,0,6
1486,90,90,90,0,1,0,0,0,0,6
1487,90,90,90,2,1,1,1,0,0,6
1488,90,90,90,0,1,1,1,0,0,6
1489,90,90,90,0,1,1,1,0,0,6
1490,90,90,90,0,1,1,1,0,0,6
1491,90,90,90,-2,1,1,1,0,0,6
1492,90,90,90,0,1,1,1,0,0,6
1493,90,90,88,0,1,1,1,0,0,6
1494,90,90,90,0,1,0,0,0,0,6
1495,90,90,90,-2,1,1,1,0,0,6
1496,90,90,90,0,1,0,0,0,0,6
1497,90,90,90,4,1,1,1,0,0,6
1498,90,90,90,0,1,0,0,0,0,6
1499,90,90,90,-4,1,1,1,0,0,6
1500,90,90,90,0,1,1,1,0,0,6
1501,90,90,90,-2,1,1,1,0,0,6
1502,90,90,90,0,1,0,0,0,0,6
1503,90,90,90,-2,1,1,1,0,0,6
1504,90,90,90,0,1,0,0,0,0,6
1505,90,90,90,4,1,1,1,0,0,6
1506,90,90,90,0,1,1,1,0,0,6
1507,90,90,92,0,1,1,1,0,0,6
1508,90,90,90,0,1,0,0,0,0,6
1509,90,90,88,0,1,1,1,0,0,6
1510,90,90,90,0,1,1,1,0,0,6
1511,90,90,90,2,1,1,1,0,0,6
1512,90,90,90,0,1,0,0,0,0,6
1513,90,90,86,0,1,1,1,0,0,6
1514,90,90,90,0,1,1,1,0,0,6
1515,90,90,90,4,1,1,1,0,0,6
1516,90,90,90,0,1,0,0,0,0,6
1517,90,90,90,-2,1,1,1,0,0,6
1518,90,90,90,0,1,0,0,0,0,6
1519,90,90,90,2,1,1,1,0,0,6
1520,90,90,90,0,1,1,1,0,0,6
1521,90,90,90,-2,1,1,1,0,0,6
1522,90,90,90,0,1,1,1,0,0,6
1523,90,90,90,0,1,1,1,0,0,6
1524,90,90,90,0,1,0,0,0,0,6
1525,90,90,90,2,1,1,1,0,0,6
1526,90,90,90,0,1,1,1,0,0,6
1527,90,90,90,2,1,1,1,0,0,6
1528,90,90,90,0,1,1,1,0,0,6
1529,90,90,92,0,1,1,1,0,0,6
1530,90,90,90,0,1,1,1,0,0,6
1531,90,90,90,-4,1,1,1,0,0,6
1532,90,90,90,0,1,1,1,0,0,6
1533,90,90,90,4,1,1,1,0,0,6
1534,90,90,90,0,1,1,1,0,0,6
1535,90,90,94,0,1,1,1,0,0,6
1536,90,90,90,0,1,1,1,0,0,6
1537,90,90,90,2,1,1,1,0,0,6
1538,90,90,90,0,1,0,0,0,0,6
1539,90,90,86,0,1,1,1,0,0,6
1540,90,90,90,0,1,0,0,0,0,6
1541,90,90,90,0,1,1,1,0,0,6
1542,90,90,90,0,1,0,0,0,0,6
1543,90,90,90,-4,1,1,1,0,0,6
1544,90,90,90,0,1,1,1,0,0,6
1545,90,90,90,0,1,1,1,0,0,6
1546,90,90,90,0,1,1,1,0,0,6
1547,90,90,86,0,1,1,1,0,0,6
1548,90,90,90,0,1,1,1,0,0,6
1549,90,90,88,0,1,1,1,0,0,6
1550,90,90,90,0,1,1,1,0,0,6
1551,90,90,88,0,1,1,1,0,0,6
1552,90,90,90,0,1,0,0,0,0,6
1553,90,90,92,0,1,1,1,0,0,6
1554,90,90,90,0,1,0,0,0,0,6
1555,90,90,90,4,1,1,1,0,0,6
1556,90,90,90,0,1,1,1,0,0,6
1557,90,90,90,-2,1,1,1,0,0,6
1558,90,90,90,0,1,0,0,0,0,6
1559,90,90,86,0,1,1,1,0,0,6
1560,90,90,90,0,1,1,1,0,0,6
1561,90,90,90,-2,1,1,1,0,0,6
1562,90,90,90,0,1,1,1,0,0,6
1563,90,90,90,2,1,1,1,0,0,6
1564,90,90,90,0,1,1,1,0,0,6
1565,90,90,88,0,1,1,1,0,0,6
1566,90,90,90,0,1,1,1,0,0,6
1567,90,90,90,0,1,1,1,0,0,6
1568,90,90,90,0,1,1,1,0,0,6
1569,90,90,86,0,1,1,1,0,0,6
1570,90,90,90,0,1,0,0,0,2,6
1571,90,90,88,0,1,1,1,0,0,6
1572,90,90,90,0,1,1,1,0,0,6
1573,90,90,86,0,1,1,1,0,0,6
1574,90,90,90,0,1,0,0,0,0,6
1575,90,90,90,2,1,1,1,0,0,6
1576,90,90,90,0,1,1,1,0,0,6
1577,90,90,90,4,1,1,1,0,0,6
1578,90,90,90,0,1,0,0,0,0,6
1579,90,90,94,0,1,1,1,0,0,6
1580,90,90,90,0,1,1,1,0,0,6
1581,90,90,92,0,1,1,1,0,0,6
1582,90,90,90,0,1,1,1,0,0,6
1583,90,90,90,-4,1,1,1,0,0,6
1584,90,90,90,0,1,0,0,0,0,6
1585,90,90,90,4,1,1,1,0,0,6
1586,90,90,90,0,1,1,1,0,0,6
1587,90,90,90,2,1,1,1,0,0,6
1588,90,90,90,0,1,1,1,0,0,6
1589,90,90,90,0,1,1,1,0,0,6
1590,90,90,90,0,1,0,0,0,0,6
1591,90,90,90,-2,1,1,1,0,0,6
1592,90,90,90,0,1,0,0,0,0,6
1593,90,90,90,4,1,1,1,0,0,6
1594,90,90,90,0,1,1,1,0,0,6
1595,90,90,90,0,1,1,1,0,0,6
1596,90,90,90,0,1,0,0,0,0,6
1597,90,90,90,-4,1,1,1,0,0,6
1598,90,90,90,0,1,0,0,0,0,6
1599,90,90,90,2,1,1,1,0,0,6
1600,90,90,90,0,1,0,0,0,0,6
1601,90,90,90,-4,1,1,1,0,0,6
1602,90,90,90,0,1,0,0,0,0,6
1603,90,90,86,0,1,1,1,0,0,6
1604,90,90,90,0,1,1,1,0,0,6
1605,90,90,92,0,1,1,1,0,0,6
1606,90,90,90,0,1,1,1,0,0,6
1607,90,90,90,4,1,1,1,0,0,6
1608,90,90,90,0,1,1,1,0,0,6
1609,90,90,90,4,1,1,1,0,0,6
1610,90,90,90,0,1,1,1,0,0,6
1611,90,90,94,0,1,1,1,0,0,6
1612,90,90,90,0,1,0,0,0,0,6
1613,90,90,90,4,1,1,1,0,0,6
1614,90,90,90,0,1,0,0,0,0,6
1615,90,90,90,-2,1,1,1,0,0,6
1616,90,90,90,0,1,1,1,0,0,6
1617,90,90,92,0,1,1,1,0,0,6
1618,90,90,90,0,1,0,0,0,0,6
1619,90,90,92,0,1,1,1,0,0,6
1620,90,90,90,0,1,1,1,0,0,6
1621,90,90,94,0,1,1,1,0,0,6
1622,90,90,90,0,1,1,1,0,0,6
1623,90,90,88,0,1,1,1,0,0,6
1624,90,90,90,0,1,1,1,0,0,6
1625,90,90,90,4,1,1,1,0,0,6
1626,90,90,90,0,1,0,0,0,0,6
1627,90,90,86,0,1,1,1,0,0,6
1628,90,90,90,0,1,0,0,0,0,6
1629,90,90,90,2,1,1,1,0,0,6
1630,90,90,90,0,1,0,0,0,0,6
1631,90,90,90,4,1,1,1,0,0,6
1632,90,90,90,0,1,1,1,0,0,6
1633,90,90,90,-4,1,1,1,0,0,6
1634,90,90,90,0,1,0,0,0,0,6
1635,90,90,90,-2,1,1,1,0,0,6
1636,90,90,90,0,1,1,1,0,0,6
1637,90,90,88,0,1,1,1,0,0,6
1638,90,90,90,0,1,0,0,0,0,6
1639,90,90,90,-2,1,1,1,0,0,6
1640,90,90,90,0,1,1,1,0,0,6
1641,90,90,94,0,1,1,1,0,0,6
1642,90,90,90,0,1,1,1,0,0,6
1643,90,90,90,4,1,1,1,0,0,6
1644,90,90,90,0,1,0,0,0,0,6
1645,90,90,90,4,1,1,1,0,0,6
1646,90,90,90,0,1,1,1,0,0,6
1647,90,90,94,0,1,1,1,0,0,6
1648,90,90,90,0,1,1,1,0,0,6
1649,90,90,90,-2,1,1,1,0,0,6
1650,90,90,90,0,1,1,1,0,0,6
1651,90,90,94,0,1,1,1,0,0,6
1652,90,90,90,0,1,1,1,0,0,6
1653,90,90,90,-2,1,1,1,0,0,6
1654,90,90,90,0,1,0,0,0,0,6
1655,90,90,92,0,1,1,1,0,0,6
1656,90,90,90,0,1,0,0,0,0,6
1657,90,90,90,0,1,1,1,0,0,6
1658,90,90,90,0,1,0,0,0,0,6
1659,90,90,90,2,1,1,1,0,0,6
1660,90,90,90,0,1,0,0,0,0,6
1661,90,90,90,-2,1,1,1,0,0,6
1662,90,90,90,0,1,0,0,0,0,6
1663,90,90,88,0,1,1,1,0,0,6
1664,90,90,90,0,1,1,1,0,0,6
1665,90,90,90,-2,1,1,1,0,0,6
1666,90,90,90,0,1,0,0,0,0,6
1667,90,90,90,-2,1,1,1,0,0,6
1668,90,90,90,0,1,0,0,0,0,6
1669,90,90,92,0,1,1,1,0,0,6
1670,90,90,90,0,1,1,1,0,2,6
1671,90,90,90,4,1,1,1,0,0,6
1672,90,90,90,0,1,1,1,0,0,6
1673,90,90,86,0,1,1,1,0,0,6
1674,90,90,90,0,1,0,0,0,0,6
1675,90,90,86,0,1,1,1,0,0,6
1676,90,90,90,0,1,0,0,0,0,6
1677,90,90,90,2,1,1,1,0,0,6
1678,90,90,90,0,1,1,1,0,0,6
1679,90,90,86,0,1,1,1,0,0,6
1680,90,90,90,0,1,1,1,0,0,6
1681,90,90,90,0,1,1,1,0,0,6
1682,90,90,90,0,1,1,1,0,0,6
1683,90,90,92,0,1,1,1,0,0,6
1684,90,90,90,0,1,1,1,0,0,6
1685,90,90,92,0,1,1,1,0,0,6
1686,90,90,90,0,1,0,0,0,0,6
1687,90,90,88,0,1,1,1,0,0,6
1688,90,90,90,0,1,0,0,0,0,6
1689,90,90,94,0,1,1,1,0,0,6
1690,90,90,90,0,1,0,0,0,0,6
1691,90,90,90,4,1,1,1,0,0,6
1692,90,90,90,0,1,1,1,0,0,6
1693,90,90,92,0,1,1,1,0,0,6
1694,90,90,90,0,1,1,1,0,0,6
1695,90,90,90,-4,1,1,1,0,0,6
1696,90,90,90,0,1,1,1,0,0,6
1697,90,90,88,0,1,1,1,0,0,6
1698,90,90,90,0,1,1,1,0,0,6
1699,90,90,90,-4,1,1,1,0,0,6
1700,90,90,90,0,1,0,0,0,0,6
1701,90,90,86,0,1,1,1,0,0,6
1702,90,90,90,0,1,0,0,0,0,6
1703,90,90,90,-4,1,1,1,0,0,6
1704,90,90,90,0,1,0,0,0,0,6
1705,90,90,90,-4,1,1,1,0,0,6
1706,90,90,90,0,1,1,1,0,0,6
1707,90,90,92,0,1,1,1,0,0,6
1708,90,90,90,0,1,0,0,0,0,6
1709,90,90,92,0,1,1,1,0,0,6
1710,90,90,90,0,1,0,0,0,0,6
1711,90,90,92,0,1,1,1,0,0,6
1712,90,90,90,0,1,0,0,0,0,6
1713,90,90,90,-2,1,1,1,0,0,6
1714,90,90,90,0,1,0,0,0,0,6
1715,90,90,90,4,1,1,1,0,0,6
1716,90,90,90,0,1,1,1,0,0,6
1717,90,90,94,0,1,1,1,0,0,6
1718,90,90,90,0,1,0,0,0,0,6
1719,90,90,90,-2,1,1,1,0,0,6
1720,90,90,90,0,1,1,1,0,0,6
1721,90,90,90,4,1,1,1,0,0,6
1722,90,90,90,0,1,0,0,0,0,6
1723,90,90,90,-4,1,1,1,0,0,6
1724,90,90,90,0,1,0,0,0,0,6
1725,90,90,88,0,1,1,1,0,0,6
1726,90,90,90,0,1,0,0,0,0,6
1727,90,90,86,0,1,1,1,0,0,6
1728,90,90,90,0,1,1,1,0,0,6
1729,90,90,90,-2,1,1,1,0,0,6
1730,90,90,90,0,1,0,0,0,0,6
1731,90,90,88,0,1,1,1,0,0,6
1732,90,90,90,0,1,0,0,0,0,6
1733,90,90,90,4,1,1,1,0,0,6
1734,90,90,90,0,1,0,0,0,0,6
1735,90,90,86,0,1,1,1,0,0,6
1736,90,90,90,0,1,0,0,0,0,6
1737,90,90,86,0,1,1,1,0,0,6
1738,90,90,90,0,1,1,1,0,0,6
1739,90,90,86,0,1,1,1,0,0,6
1740,90,90,90,0,1,1,1,0,0,6
1741,90,90,94,0,1,1,1,0,0,6
1742,90,90,90,0,1,0,0,0,0,6
1743,90,90,90,4,1,1,1,0,0,6
1744,90,90,90,0,1,0,0,0,0,6
1745,90,90,94,0,1,1,1,0,0,6
1746,90,90,90,0,1,1,1,0,0,6
1747,90,90,90,4,1,1,1,0,0,6
1748,90,90,90,0,1,1,1,0,0,6
1749,90,90,90,2,1,1,1,0,0,6
1750,90,90,90,0,1,0,0,0,0,6
1751,90,90,90,2,1,1,1,0,0,6
1752,90,90,90,0,1,0,0,0,0,6
1753,90,90,90,-2,1,1,1,0,0,6
1754,90,90,90,0,1,0,0,0,0,6
1755,90,90,86,0,1,1,1,0,0,6
1756,90,90,90,0,1,0,0,0,0,6
1757,90,90,90,-2,1,1,1,0,0,6
1758,90,90,90,0,1,0,0,0,0,6
1759,90,90,90,-4,1,1,1,0,0,6
1760,90,90,90,0,1,0,0,0,0,6
1761,90,90,94,0,1,1,1,0,0,6
1762,90,90,90,0,1,0,0,0,0,6
1763,90,90,90,4,1,1,1,0,0,6
1764,90,90,90,0,1,0,0,0,0,6
1765,90,90,90,-2,1,1,1,0,0,6
1766,90,90,90,0,1,1,1,0,0,6
1767,90,90,92,0,1,1,1,0,0,6
1768,90,90,90,0,1,0,0,0,0,6
1769,90,90,94,0,1,1,1,0,0,6
1770,90,90,90,0,1,1,1,0,2,6
1771,90,90,90,4,1,1,1,0,0,6
1772,90,90,90,0,1,1,1,0,0,6
1773,90,90,88,0,1,1,1,0,0,6
1774,90,90,90,0,1,1,1,0,0,6
1775,90,90,88,0,1,1,1,0,0,6
1776,90,90,90,0,1,1,1,0,0,6
1777,90,90,90,0,1,1,1,0,0,6
1778,90,90,90,0,1,0,0,0,0,6
1779,90,90,90,-4,1,1,1,0,0,6
1780,90,90,90,0,1,1,1,0,0,6
1781,90,90,86,0,1,1,1,0,0,6
1782,90,90,90,0,1,1,1,0,0,6
1783,90,90,90,-2,1,1,1,0,0,6
1784,90,90,90,0,1,1,1,0,0,6
1785,90,90,88,0,1,1,1,0,0,6
1786,90,90,90,0,1,1,1,0,0,6
1787,90,90,92,0,1,1,1,0,0,6
1788,90,90,90,0,1,1,1,0,0,6
1789,90,90,92,0,1,1,1,0,0,6
1790,90,90,90,0,1,0,0,0,0,6
1791,90,90,86,0,1,1,1,0,0,6
1792,90,90,90,0,1,1,1,0,0,6
1793,90,90,88,0,1,1,1,0,0,6
1794,90,90,90,0,1,0,0,0,0,6
1795,90,90,94,0,1,1,1,0,0,6
1796,90,90,90,0,1,1,1,0,0,6
1797,90,90,90,4,1,1,1,0,0,6
1798,90,90,90,0,1,1,1,0,0,6
1799,90,90,86,0,1,1,1,0,0,6
1800,90,90,90,0,1,1,1,0,0,6
1801,90,90,94,0,1,1,1,0,0,6
1802,90,90,90,0,1,1,1,0,0,6
1803,90,90,90,0,1,1,1,0,0,6
1804,90,90,90,0,1,1,1,0,0,6
1805,90,90,88,0,1,1,1,0,0,6
1806,90,90,90,0,1,0,0,0,0,6
1807,90,90,92,0,1,1,1,0,0,6
1808,90,90,90,0,1,0,0,0,0,6
1809,90,90,92,0,1,1,1,0,0,6
1810,90,90,90,0,1,0,0,0,0,6
1811,90,90,90,2,1,1,1,0,0,6
1812,90,90,90,0,1,0,0,0,0,6
1813,90,90,90,0,1,1,1,0,0,6
1814,90,90,90,0,1,0,0,0,0,6
1815,90,90,92,0,1,1,1,0,0,6
1816,90,90,90,0,1,1,1,0,0,6
1817,90,90,90,0,1,1,1,0,0,6
1818,90,90,90,0,1,1,1,0,0,6
1819,90,90,94,0,1,1,1,0,0,6
1820,90,90,90,0,1,0,0,0,0,6
1821,90,90,90,0,1,1,1,0,0,6
1822,90,90,90,0,1,0,0,0,0,6
1823,90,90,90,2,1,1,1,0,0,6
1824,90,90,90,0,1,1,1,0,0,6
1825,90,90,88,0,1,1,1,0,0,6
1826,90,90,90,0,1,1,1,0,0,6
1827,90,90,90,-2,1,1,1,0,0,6
1828,90,90,90,0,1,0,0,0,0,6
1829,90,90,90,0,1,1,1,0,0,6
1830,90,90,90,0,1,1,1,0,0,6
1831,90,90,90,2,1,1,1,0,0,6
1832,90,90,90,0,1,1,1,0,0,6
1833,90,90,90,-2,1,1,1,0,0,6
1834,90,90,90,0,1,0,0,0,0,6
1835,90,90,90,2,1,1,1,0,0,6
1836,90,90,90,0,1,0,0,0,0,6
1837,90,90,90,-4,1,1,1,0,0,6
1838,90,90,90,0,1,1,1,0,0,6
1839,90,90,88,0,1,1,1,0,0,6
1840,90,90,90,0,1,1,1,0,0,6
1841,90,90,88,0,1,1,1,0,0,6
1842,90,90,90,0,1,1,1,0,0,6
1843,90,90,86,0,1,1,1,0,0,6
1844,90,90,90,0,1,1,1,0,0,6
1845,90,90,92,0,1,1,1,0,0,6
1846,90,90,90,0,1,0,0,0,0,6
1847,90,90,92,0,1,1,1,0,0,6
1848,90,90,90,0,1,0,0,0,0,6
1849,90,90,90,2,1,1,1,0,0,6
1850,90,90,90,0,1,1,1,0,0,6
1851,90,90,88,0,1,1,1,0,0,6
1852,90,90,90,0,1,0,0,0,0,6
1853,90,90,88,0,1,1,1,0,0,6
1854,90,90,90,0,1,1,1,0,0,6
1855,90,90,90,-4,1,1,1,0,0,6
1856,90,90,90,0,1,0,0,0,0,6
1857,90,90,90,-2,1,1,1,0,0,6
1858,90,90,90,0,1,1,1,0,0,6
1859,90,90,88,0,1,1,1,0,0,6
1860,90,90,90,0,1,0,0,0,0,6
1861,90,90,90,4,1,1,1,0,0,6
1862,90,90,90,0,1,1,1,0,0,6
1863,90,90,94,0,1,1,1,0,0,6
1864,90,90,90,0,1,0,0,0,0,6
1865,90,90,90,0,1,1,1,0,0,6
1866,90,90,90,0,1,1,1,0,0,6
1867,90,90,90,-4,1,1,1,0,0,6
1868,90,90,90,0,1,1,1,0,0,6
1869,90,90,90,0,1,1,1,0,0,6
1870,90,90,90,0,1,0,0,0,5,6