iteration,model,winner_aic,winner_bic,simulated_params,recovered_params
0,piece,piece,piece,[4.47074269 0.30671819 0.48529149],[3.53314758 0.01984178 0.57787566]
0,pea,pea,pea,[8.70390926 0.28807626 0.2040999 ],[7.38233867 0.25149955 0.31737908]
0,premo,pea,pea,[ 0.06946386 13.21438595  7.80111249 21.24838873  1.          0.38579907],[ 0.11142709 13.22342831 12.94114066 11.75475339  0.92748803  0.39727983]
0,rem,rem,rem,[6.25669719 3.59945829 0.33161596 1.81357994],[11.90954415  4.25259804  2.19901466  0.19240606]
1,piece,piece,piece,[4.36219626 1.10539112 1.245271  ],[6.24527228 0.78397132 1.26883194]
1,pea,pea,pea,[9.32215318 0.15467366 1.36007402],[13.3525637   0.18378456  1.445159  ]
1,premo,premo,premo,[ 0.85426921 22.23066882 17.83745018 23.88867158  1.          1.43610285],[ 0.88639117 13.66451646 12.52864942 11.33331872  1.          1.46899907]
1,rem,rem,rem,[ 7.86750297  3.88512688  2.29668373 -0.30003371],[ 6.94712131  2.13637956  0.85980316 -0.24941935]
2,piece,piece,piece,[5.71549111 0.46174509 0.12347245],[6.69571593 0.37598481 0.07079921]
2,pea,pea,pea,[6.65181142 0.3454077  1.61235115],[13.20964397  0.29610112  1.68230083]
2,premo,premo,premo,[ 0.76495777 22.48274631 17.19479439 17.62768232  1.          1.21075122],[ 0.47869824 12.04921934 15.65436466  4.751158    1.          1.27151639]
2,rem,pea,pea,[24.19008051  2.35873761  2.96910849  0.1997616 ],[25.          0.58802945  0.          0.17888651]
3,piece,piece,piece,[4.36444841 0.03871877 1.23249632],[4.7174567  0.80559734 1.1512782 ]
3,pea,pea,pea,[21.98475651  0.22302796  1.36826   ],[13.39446523  0.23947771  1.35620797]
3,premo,premo,premo,[ 0.31690066 18.94428049  4.42869336  9.83107866  1.         -0.34418157],[ 0.66777745 12.15386754 12.51594443 12.88681047  1.         -0.42751098]
3,rem,pea,pea,[14.95367813  3.32029773  6.75089347  1.10803674],[13.47228998  2.42527013  4.89603875  1.13691196]
4,piece,piece,piece,[ 5.36186241  0.34699798 -0.48001225],[ 6.0467879   0.41462629 -0.39289249]
4,pea,pea,pea,[ 2.57343031  0.32195401 -0.59901109],[ 2.45232939  0.31229809 -0.61954796]
4,premo,pea,pea,[ 0.92564994  1.177639   12.36559304  0.95214084  1.          0.87832237],[ 0.24624874 11.60981891 12.50212112 13.47078643  0.          0.97359174]
4,rem,pea,pea,[24.29617088  4.12030981  6.83517071  1.30120275],[13.59356065  3.01234784  4.42629704  1.46477647]
5,piece,piece,piece,[5.17180789 0.42030557 0.06032833],[7.50365553 0.02306375 0.10704971]
5,pea,pea,pea,[19.29868071  0.45827876  0.46753056],[13.54333945  0.49290322  0.5197047 ]
5,premo,premo,premo,[0.98197181 2.13088314 3.44808508 7.51675154 1.         0.22430322],[ 0.97802113  6.87881148 15.6666063   3.09521847  1.          0.1955155 ]
5,rem,pea,pea,[5.64700877 3.4806523  4.32995314 0.52775647],[5.2368117  4.38250444 5.55723071 0.46883694]
6,piece,piece,piece,[3.91677038 0.4568633  0.19444858],[8.99564774 0.46533674 0.24831737]
6,pea,pea,pea,[24.0445594   0.35799252  0.63341094],[18.55173679  0.30270071  0.66671517]
6,premo,premo,pea,[0.57649442 1.45652171 2.46351776 1.79589349 1.         1.07222952],[ 0.3814686  12.2959991  12.50809513 12.74122143  1.          1.04779855]
6,rem,pea,pea,[16.2577285   3.10545377  8.68892574  1.18629031],[15.27264577  2.07627162  4.77647964  1.2210058 ]
7,piece,piece,piece,[5.59675829 0.49765319 0.95011986],[8.84032752 0.18030181 1.01564953]
7,pea,pea,pea,[9.85291806 0.26278847 0.87911351],[13.49551326  0.24003615  0.95172607]
7,premo,premo,pea,[ 0.22932141 24.95419863 11.02444897 22.82492387  1.          1.78639409],[ 0.34668615 11.3474592  12.50419172 13.69720008  0.90325421  1.68831525]
7,rem,pea,pea,[19.85565999  1.31819818  9.5706026   0.17737092],[25.          0.29733913  1.1131177   0.22935719]
8,piece,piece,piece,[3.72986349 1.39677026 1.72691178],[3.07283184 1.26222763 1.69808871]
8,pea,pea,pea,[10.83342113  0.35698077  1.71675521],[13.31153742  0.3434406   1.6935438 ]
8,premo,pea,pea,[ 0.21191966  1.21760965  5.34148742 11.50631695  1.         -0.11142457],[ 0.5357137   9.59420204 12.04386237 15.73876693  1.         -0.09355212]
8,rem,pea,pea,[15.59663192  0.20404346  4.90012302 -0.43163896],[12.84391977  0.50770624  6.57628238 -0.38653433]
9,piece,piece,piece,[6.00461693 1.35717442 1.75013649],[8.68958575 2.0338496  1.85058621]
9,pea,pea,pea,[20.9655633   0.40476178  0.05907465],[ 2.50000000e+01  4.04482207e-01 -5.73638673e-03]
9,premo,pea,pea,[ 0.23053112 23.08391455  2.59682489  0.43142899  1.          0.49336363],[ 0.         12.22857857 12.51246774 12.80841126  0.9069544   0.48722774]
9,rem,rem,rem,[6.38645888 3.37504389 6.36602086 1.61978309],[3.75467206 0.52874449 0.1338609  1.65288003]
10,piece,piece,piece,[4.75651259 0.9969886  1.18202025],[5.52254    1.42276966 1.22815755]
10,pea,pea,pea,[12.79797448  0.24882182  1.03697231],[13.44785494  0.22867151  1.02292728]
10,premo,premo,premo,[ 0.72122627 16.77694149  3.07799679 18.02338131  1.          0.40365377],"[7.14013577e-01 2.50000000e+01 1.25293426e+01 1.00000000e-02
 9.82741153e-01 4.45442563e-01]"
10,rem,pea,pea,[20.87936597  3.87222537  4.37316633  0.62070978],[21.63846313  2.81663318  2.88533159  0.58771855]
11,piece,piece,piece,[5.76277327 0.43780245 1.54839765],[5.27937981 0.01       1.55458607]
11,pea,pea,pea,[23.24387407  0.4079413   0.63035742],[4.28896319 0.60293721 0.60918329]
11,premo,premo,premo,"[ 4.72310192e-01  1.85207545e+01  7.48236322e+00  7.30427515e+00
  1.00000000e+00 -1.45833456e-02]",[ 1.          5.63769834  9.64885557 10.02169481  0.87162696 -0.07316555]
11,rem,pea,pea,[9.02283831 0.3852694  1.27223974 0.17567433],[13.3847536   1.40214788  5.74970612  0.20447509]
12,piece,piece,piece,[4.17273266 0.82997123 0.67750166],[5.32525573 0.01       0.71227014]
12,pea,pea,pea,[24.10940516  0.17238587  0.94991266],[13.46459862  0.17158561  1.01604819]
12,premo,piece,piece,[ 0.31101507  0.03172234 20.01723721  6.46788128  1.          0.09636345],[ 0.03492857 11.82985892 12.50802959 13.22739351  1.          0.18207595]
12,rem,pea,pea,[12.19655679  2.37125094  8.79538881  0.84830472],[24.17791989  0.47619562  1.83490726  0.86941652]
13,piece,piece,piece,[5.35200235 0.92154762 1.09596948],[8.92231503 0.88918293 1.02411957]
13,pea,pea,pea,[2.77586435 0.2041178  0.30171638],[13.47855219  0.12271245  0.32417438]
13,premo,premo,pea,[ 0.13562762  6.55036409 13.16336241 21.2788123   1.         -0.28178414],"[ 7.26909970e-01  1.10037213e+01  1.00000000e-02  2.50000000e+01
  1.00000000e+00 -2.01497630e-01]"
13,rem,piece,piece,[9.72953276 3.97832496 1.12299014 1.35101289],[10.41857177  5.79909064  2.04806551  1.39930009]
14,piece,piece,piece,[4.29265746 0.1257858  0.0663476 ],[7.36824113 0.01       0.03681756]
14,pea,rem,pea,[2.99133144 0.20476311 0.40383391],[13.48317556  0.12910111  0.44315018]
14,premo,premo,pea,"[3.53342004e-01 2.05485427e+01 1.92284458e+01 1.97957482e+01
 1.00000000e+00 6.97167040e-03]","[2.93177165e-01 2.50000000e+01 2.50000000e+01 2.11146317e+01
 1.00000000e+00 1.27695084e-02]"
14,rem,pea,pea,[ 9.2273465   1.22855919  1.29978561 -0.281957  ],[ 8.6536051   3.7821307   5.35571711 -0.29813907]
15,piece,piece,piece,[3.64071829 0.94974825 0.54319837],[3.32566684 0.41096579 0.48302459]
15,pea,pea,pea,[17.11128025  0.43938817  1.55021784],[13.53072888  0.44159512  1.4973646 ]
15,premo,premo,premo,[ 0.35146315 12.65482532  4.17094607 23.79295933  1.         -0.0318268 ],"[3.95671976e-01 1.58233179e+01 2.27886066e+01 5.75500472e+00
 9.36795235e-01 1.84294338e-02]"
15,rem,rem,rem,[3.65642111 0.53821557 1.48718886 0.69567111],[3.33641977 2.88066661 9.75171325 0.65064228]
16,piece,piece,piece,[4.92883142 0.36048791 1.75584916],[7.13222128 0.60355048 1.80348636]
16,pea,pea,pea,[20.63622983  0.17213107 -0.0841497 ],[13.4284659   0.15604446 -0.10149716]
16,premo,premo,premo,[ 0.85766802 21.50470072 14.80894307 17.15519037  1.          1.89821108],[ 0.68490625 15.57882932 12.16697973  9.58896269  0.9447457   1.93667616]
16,rem,pea,pea,[7.06324117 3.41890038 8.60808486 0.54956479],[7.2832392  2.72025204 6.34363264 0.47503112]
17,piece,piece,piece,[5.98620378 1.27250403 1.69647801],[5.89167288 1.33189296 1.75370032]
17,pea,rem,pea,[2.10339401 0.4415283  0.49841127],[13.49547935  0.20752736  0.58737479]
17,premo,premo,premo,[ 0.92910651 16.40886443 17.56562761 13.49801182  1.         -0.15208995],[ 0.58595256 13.75092967 14.51249424 11.78717816  0.93100827 -0.15922705]
17,rem,pea,pea,[2.07006041 2.34347974 8.80966341 1.97082352],[ 4.59877893  1.37074573 10.          2.12334947]
18,piece,piece,piece,[ 5.11031251  0.62857859 -0.03159932],[ 8.58945609  0.87742197 -0.14984731]
18,pea,pea,pea,[15.82619281  0.37272997 -0.48131904],[13.57943474  0.40925717 -0.49662748]
18,premo,premo,premo,[ 0.95018911  4.88315839 21.37350041 20.06026551  1.         -0.46412244],"[ 1.00000000e+00  2.25322079e+01  1.00000000e-02  2.50000000e+01
  1.00000000e+00 -3.22078592e-01]"
18,rem,rem,rem,[15.37589091  2.40829957  0.26315824  0.40009934],[15.70912889  2.54075842  0.31372304  0.3444802 ]
19,piece,piece,piece,[5.83142166 0.61279936 0.19955843],[11.06948372  0.05186611  0.1532856 ]
19,pea,pea,pea,[24.73895265  0.40591155  1.75162091],[13.47186036  0.42828745  1.85156353]
19,premo,pea,pea,[ 0.54019555  9.00455504 22.29592066 12.52818969  1.          0.04733347],[ 0.25129453 11.72606751 12.5166237  13.32751462  1.         -0.02122477]
19,rem,pea,pea,[12.35575051  1.97044863  5.18455091  0.66126205],[25.          0.91507763  1.90224291  0.65684826]
20,piece,piece,piece,[ 5.1174792   0.50414331 -0.53718893],[ 3.96601469  0.03510682 -0.47487477]
20,pea,pea,pea,[15.14866175  0.2059967   0.66198295],[25.          0.17276734  0.65563164]
20,premo,premo,pea,[ 0.46083819 11.75728677 11.67203983 11.00664257  1.          1.41266925],[ 0.4992496  11.86642581 12.5044457  13.19877257  0.80681662  1.33625038]
20,rem,pea,pea,[19.39347136  2.68926037  7.0241455   1.67178073],[13.19661022  2.06419403  5.77769211  1.61626926]
21,piece,piece,piece,[ 4.63975175  0.02690612 -0.25021805],[ 8.41346443  0.57926011 -0.21051035]
21,pea,pea,pea,[21.58660824  0.15362941  1.64949   ],[13.24211762  0.10125534  1.61172233]
21,premo,pea,pea,[ 0.1974682   1.12806009 21.28127353  1.49079164  1.         -0.3393236 ],[ 0.09640678  9.95234855 12.49874047 15.16673101  0.         -0.33643422]
21,rem,piece,piece,[22.76478462  0.1401846   9.54964562  1.25649124],[3.75255169 0.98647695 9.99956896 1.19638292]
22,piece,piece,piece,[4.81264694 1.3724412  0.45575366],[9.33551958 1.06731112 0.32820208]
22,pea,pea,pea,[12.61008283  0.21096302 -0.72416647],[13.39196783  0.19816822 -0.68449557]
22,premo,premo,premo,[ 0.46639333 19.00833852  1.70160504 16.54503813  1.         -0.14656981],[ 0.46181279  0.91119211  0.01        0.01        1.         -0.10650491]
22,rem,rem,rem,[ 2.82700859  3.6318703   4.23963517 -0.18742687],[ 2.62177377  5.06271322  4.57611278 -0.34282447]
23,piece,piece,piece,[ 4.49559303  0.8508032  -0.32812247],[ 5.98323257  0.64663709 -0.35508089]
23,pea,pea,pea,[11.64401995  0.32902114  1.49023447],[13.48456154  0.37265415  1.48951471]
23,premo,premo,premo,[ 0.86232692 21.06368072 21.17740272 16.03115233  1.          0.84352983],[ 0.69111396 12.57908675  9.98893125 15.15092028  1.          0.7925048 ]
23,rem,pea,pea,[ 4.91589609  1.15960585  2.97516314 -0.16928719],[ 4.93878576  2.54709537  8.11539843 -0.23905006]
24,piece,piece,piece,[ 4.95909743  1.1856604  -0.20678143],[ 7.07645133  1.05840853 -0.24141854]
24,pea,pea,pea,[9.54889203 0.31170394 2.03496606],[4.92653258 0.47284279 2.02283301]
24,premo,premo,premo,[ 0.28580255  1.12518485  8.10068805 21.11191281  1.          0.27470935],[0.99999965 0.09457237 0.06905096 0.16029204 1.         0.19965738]
24,rem,pea,pea,[9.37922743 1.38693673 0.98278869 1.61966239],[10.3865477   3.96595376  4.7209444   1.69453433]
25,piece,piece,piece,[4.96788528 1.03244125 0.42481669],[12.49890847  0.89976347  0.41251088]
25,pea,pea,pea,[2.90086533 0.19312535 1.18587211],[13.40214214  0.06039501  1.08256026]
25,premo,premo,premo,[ 0.64920291 12.29341908  5.81687923 22.06991874  1.          0.38717456],[ 0.67155034 21.25369913 12.50547146  3.53784986  1.          0.28876142]
25,rem,piece,piece,[21.31228652  0.37958865  7.76980038 -0.17728365],[ 2.31904438  2.13543061 10.         -0.08329019]
26,piece,piece,piece,[5.79300708 1.24036272 1.05673737],[4.55132497 1.56959079 1.10815909]
26,pea,pea,pea,[5.16209882 0.27832713 1.48750599],[3.60501883 0.40807372 1.51684079]
26,premo,premo,premo,[ 0.87339656  6.4611057   2.12254336 16.64977899  1.          1.21353762],[ 0.86311756 11.07391784 16.65681293  1.58164322  1.          1.21658885]
26,rem,rem,pea,[5.2127097  3.81900496 5.6124802  0.11576504],[4.82034081 4.06687102 5.87916994 0.21400844]
27,piece,piece,piece,[6.23364472 0.95552475 0.37134816],[5.21066805 1.0576672  0.42480125]
27,pea,pea,pea,[7.8102762  0.47193963 1.42206004],[6.18265421 0.54297654 1.38061253]
27,premo,piece,piece,[ 0.24590258  3.14919181 20.07026402  9.34014867  1.          1.48372942],[ 0.         10.2684478  12.47794402 14.87906252  0.91407912  1.48382105]
27,rem,pea,pea,[15.60055092  1.37701172  5.79266206 -0.65911217],[13.12906402  1.52825756  6.17050322 -0.58501129]
28,piece,piece,piece,[5.83966065 0.27643401 1.74494916],[8.07800621 0.01       1.74070948]
28,pea,pea,pea,[24.41561663  0.45303254  0.78130503],[25.          0.43540093  0.70041337]
28,premo,pea,pea,[ 0.51331649 15.89886409 11.05482486  2.1969309   1.          1.11023782],[ 0.08151066 11.95860288 12.60529521 13.00633696  1.          1.17450992]
28,rem,premo,pea,[11.9743102   1.48369169  8.75458762  1.91515055],[12.60725251  0.90771453  6.79050424  1.81045779]
29,piece,piece,piece,[5.11139313 0.88224899 0.3746893 ],[7.02011624 0.51991621 0.48058329]
29,pea,pea,pea,[18.16162093  0.40074329  0.41327107],[13.54610113  0.41829834  0.33889844]
29,premo,premo,premo,[ 0.64342903 17.47481975 20.46109126 21.36054268  1.          0.98619411],[ 0.61937041 12.59967069 12.50321967 12.43456057  0.92412589  0.86513248]
29,rem,pea,pea,[18.81878064  0.63367209  5.71756048  1.01150792],[25.          0.1055636   0.          1.05428708]
30,piece,piece,piece,[ 3.76820665  0.13340877 -0.2155713 ],[ 3.61341374  0.01       -0.23689311]
30,pea,pea,pea,[ 2.24265828  0.34955044 -0.63531412],[ 4.91455816  0.20011548 -0.57567216]
30,premo,premo,premo,[ 0.29222043 12.59234423 23.0149028  21.21782757  1.         -0.56230204],"[ 7.00036019e-01  1.24506668e+01  1.00000000e-02  2.50000000e+01
  7.45765467e-01 -6.00888001e-01]"
30,rem,pea,pea,[24.10519002  2.51322488  8.53204006  1.30802711],[8.68362472 2.50484892 7.49616377 1.35119611]
31,piece,piece,piece,[5.87430725 1.22935537 0.39929913],[5.88121716 1.95026082 0.39446058]
31,pea,pea,pea,[11.65035292  0.26492126  2.03938221],[12.73985031  0.26691935  2.05547126]
31,premo,pea,pea,[ 0.25227485  6.53593723 18.02984147  9.36956986  1.          0.11838557],[ 0.05444035 11.73561341 12.51153696 13.32445552  1.          0.18063477]
31,rem,pea,pea,[21.59079109  1.88791592  2.87391621  0.97316951],[25.          0.44223336  0.          0.97241828]
32,piece,piece,piece,[3.87294888 0.92149424 0.5524104 ],[3.66047289 0.17868364 0.56394951]
32,pea,pea,pea,[11.50962144  0.40292941 -0.23577636],[13.54963471  0.38249138 -0.21597095]
32,premo,pea,pea,[ 0.0811917  22.4404955  20.18305871 16.07347814  1.         -0.44355349],[ 0.03239588 10.21350422 12.53101709 14.80668294  1.         -0.37613259]
32,rem,pea,pea,[20.32327125  2.50317307  6.65045268  1.12811329],[25.          0.28063035  0.          1.26216524]
33,piece,piece,piece,[ 4.62862043  0.8121344  -0.29338158],[ 5.45035049  1.42186859 -0.33876305]
33,pea,pea,pea,[14.35149417  0.197307   -0.56986507],[13.37715448  0.19245908 -0.60226175]
33,premo,premo,premo,[ 0.73766379  0.13988982 17.77121773 21.09863826  1.          1.7564152 ],[ 0.65580177 14.33700047 12.53667345 10.51267631  1.          1.70587413]
33,rem,pea,pea,[ 2.10194382e+01  1.86795914e+00  8.26928991e+00 -1.37858399e-02],[25.          0.16411793  0.         -0.02982219]
34,piece,piece,piece,[5.7961254  0.83100732 1.37602052],[4.48037636 1.0153372  1.40724761]
34,pea,pea,pea,[13.61269558  0.1544034   0.11260801],[1.77531365 0.67370534 0.08584319]
34,premo,premo,premo,[ 0.42408424 21.26226587  0.32344088 13.23926531  1.          1.47448345],[ 0.90776859 13.85848104  8.93489026 15.30775135  0.94423175  1.22547624]
34,rem,pea,pea,[11.87221768  1.43273229  1.47422475  0.0176043 ],[12.48294762  3.14031386  4.51033203 -0.06755544]
35,piece,piece,piece,[6.11651801 1.20176118 1.1665168 ],[8.37477695 0.83032854 1.30126171]
35,pea,pea,pea,[10.06236157  0.42354684  0.5459583 ],[25.          0.36279286  0.54317883]
35,premo,premo,premo,[ 0.92708236 21.49924093  8.48080311 19.4030277   1.         -0.52154579],[ 0.97894309 20.8132726   6.72014611 11.43411708  1.         -0.4652687 ]
35,rem,pea,pea,[12.09618111  3.9686507   7.66880806 -0.09382627],[8.74420346 2.67913239 5.68880814 0.01404504]
36,piece,piece,piece,[4.79032168 0.40613728 0.5520622 ],[5.75498914 0.47473532 0.53622957]
36,pea,pea,pea,[14.76338791  0.18444449  1.95110244],[12.77232771  0.16899625  1.95614362]
36,premo,premo,pea,[ 0.50665387  4.38661856 19.05349234  9.08974031  1.          1.29817905],[ 0.99138592  8.39330261 10.71525239 21.5798766   0.94722276  1.31546734]
36,rem,rem,pea,[17.24710561  3.21981166  2.21020056  1.84255244],[14.8160142   4.63588742  3.60120922  1.92035666]
37,piece,piece,piece,[5.0283232  0.10604052 0.6034358 ],[6.98126252 0.06116005 0.58132637]
37,pea,pea,pea,[8.78046015 0.34932265 0.12364848],[13.51643915  0.28980439  0.16074677]
37,premo,premo,premo,[ 0.9428949  23.75645696  8.02368439  5.151887    1.         -0.72378659],[ 0.65405143 11.79262142 12.83543554 12.83543661  0.85047352 -0.72501967]
37,rem,pea,pea,[21.88246351  1.70706847  9.0399741  -0.04879408],[ 1.33955351e+01  1.69941517e+00  5.70262002e+00 -1.25548575e-02]
38,piece,piece,piece,[ 5.29859422  0.80874641 -0.24968952],[ 4.37214801  0.79019931 -0.21234108]
38,pea,pea,pea,[16.29520056  0.15273677  0.83788446],[13.49142977  0.14067719  0.82753709]
38,premo,premo,premo,[ 0.64605674 15.24749624  4.96498218 24.00042893  1.          0.2166843 ],"[6.26071111e-01 2.46036341e+01 1.25102324e+01 1.00000000e-02
 8.44353438e-01 3.86622375e-01]"
38,rem,rem,rem,[13.39987104  3.62344733  1.25727414  0.05757915],[12.59760083  2.68700625  0.71430431  0.04747139]
39,piece,piece,piece,[4.36969483 0.06782111 0.6124608 ],[3.54578612 0.01842918 0.49361779]
39,pea,pea,pea,[19.88990759  0.38473245  1.7618832 ],[25.          0.37074743  1.81103661]
39,premo,piece,piece,[ 0.12569549  2.52318195 15.00577805  4.59948392  1.          1.74847096],[ 0.04877647 10.40885304 12.55494757 14.65881004  0.          1.72723175]
39,rem,pea,pea,[6.54543339 2.15959812 6.31478219 1.82924337],[4.65958353 3.16461411 8.91916616 1.7543732 ]
40,piece,piece,piece,[6.2012488  0.6563835  0.84287585],[3.70810218 0.43894953 0.83766286]
40,pea,pea,pea,[ 7.11769185  0.16956856 -0.15783132],[13.38085276  0.13471214 -0.09542695]
40,premo,premo,premo,[ 0.22617168 10.5476316   5.06575317 15.63822875  1.          1.56588082],[ 0.25541493 14.47574196 13.51904478  9.06376387  1.          1.54675676]
40,rem,pea,pea,[12.85676239  1.48892804  9.70019637 -0.03455725],[2.50000000e+01 1.25663347e-01 0.00000000e+00 1.36295014e-02]
41,piece,piece,piece,[ 4.72415356  0.07573894 -0.2449945 ],[ 4.29258424  0.01       -0.19720077]
41,pea,pea,pea,[ 2.00437850e+01  4.29432212e-01 -1.78483244e-02],[13.61250945  0.45005272 -0.07703798]
41,premo,premo,premo,[ 0.28629989  9.52051933  5.58598541 19.70397701  1.          0.346893  ],[ 0.57824123 12.52486458 12.50951326 12.50961148  0.95459827  0.32397287]
41,rem,rem,rem,[ 3.54296418  2.36067126  0.4875889  -0.54169191],[ 3.82587156  3.25032146  0.96823313 -0.47599247]
42,piece,piece,piece,[ 4.47451365  0.76226462 -0.20121337],[ 5.53464714  0.77977037 -0.18895595]
42,pea,pea,pea,[22.17330644  0.4530036   0.2798827 ],[13.56115886  0.47493017  0.29028588]
42,premo,premo,premo,[ 0.84469156 24.28552905  5.21652778 24.99064433  1.          1.27392918],[ 0.88609358 25.         22.25399367  7.7064989   0.95479618  1.19872553]
42,rem,rem,rem,[16.57101886  1.88825112  0.78394897  1.5305291 ],[23.75243128  4.33198183  3.09878703  1.41923561]
43,piece,piece,piece,[ 4.00695059  0.76897361 -0.60732814],[ 5.09065936  0.74775132 -0.57720567]
43,pea,pea,pea,[6.10709646 0.24698428 0.87670582],[13.47124117  0.19203751  0.93522961]
43,premo,premo,premo,[ 0.61962821  3.26188753 22.80693389 21.64374782  1.          1.28736974],[ 0.29754597  0.63671912 25.          0.07950237  1.          1.25911821]
43,rem,pea,pea,[ 5.50519142  2.60267992  8.51261973 -0.16237916],[ 5.93716294  2.72752124  7.50839653 -0.16773953]
44,piece,piece,piece,[4.89403748 0.12533206 0.84163453],[4.07236391 0.05577951 0.80133525]
44,pea,pea,pea,[13.04073613  0.45519655 -0.12180847],[13.636731    0.46949359 -0.10630819]
44,premo,premo,pea,[ 0.06799189 23.90737604  6.10893561 16.85040801  1.          1.68593424],[ 0.79339648  8.62476208  0.12526241 25.          1.          1.7129956 ]
44,rem,pea,pea,[20.66036649  1.05029215  0.8972513  -0.58656539],[25.          0.54521628  0.         -0.53453812]
45,piece,piece,piece,[5.39114151 1.3223438  1.33892185],[4.86060587 1.47208691 1.4515764 ]
45,pea,rem,pea,[ 6.37837988  0.41827636 -0.2175219 ],[13.53656829  0.36855599 -0.04300698]
45,premo,premo,pea,[ 0.49098356 23.45192024 17.6168957  11.50822899  1.          1.12534678],[ 0.99931088  9.03201556  5.42393675 23.74464289  1.          1.08895218]
45,rem,pea,pea,[20.48019707  2.61911369  2.52319547  0.95473741],[16.02256774  3.74932235  3.69189176  1.07585104]
46,piece,piece,piece,[3.62457513 0.57573429 1.83564473],[4.28587416 0.21504308 1.77038603]
46,pea,pea,pea,[ 5.49153077  0.23520206 -0.30618712],[13.42601663  0.167702   -0.27856003]
46,premo,premo,pea,[ 0.25181466 24.14914368 22.35616018 24.64799308  1.          0.99166447],[0.46408814 0.15159163 0.01018468 0.238851   0.83584096 1.00165161]
46,rem,pea,pea,[14.30669897  2.56720816  2.21697704  0.32767177],[12.87071454  4.28069155  4.06142712  0.32422597]
47,piece,piece,piece,[6.03335859 0.31612644 1.21499229],[6.23014935 0.18625558 1.19697617]
47,pea,pea,pea,[ 3.08949853  0.33353566 -0.71540401],[13.31796255  0.19128006 -0.72960671]
47,premo,premo,premo,[ 0.81374826 22.47527741 15.38254512 15.76009504  1.          1.79993019],[ 0.88881253 11.75685445 12.74645647 12.62556222  1.          1.93395435]
47,rem,pea,pea,[17.03579084  0.78351945  2.70057151 -0.05236148],[25.          0.5188673   1.4171118  -0.09663326]
48,piece,piece,piece,[ 4.85197638  0.51312695 -0.38279657],[ 4.1604363   0.01       -0.31361007]
48,pea,rem,pea,[2.45060409 0.25269465 0.51767417],[13.47950516  0.0998475   0.36249562]
48,premo,premo,premo,[ 0.85442287  4.32267903  6.86732738  6.18366599  1.         -0.42162533],[ 0.79437904 12.53590417 12.43989162 12.59716917  1.         -0.33682923]
48,rem,pea,pea,[14.69164789  1.3496153   7.48073268  1.97758298],[25.          0.13326229  0.          2.04834958]
49,piece,piece,piece,[5.41425453 1.19468499 0.39166848],[6.09129881 1.57679377 0.49932857]
49,pea,pea,pea,[15.18022104  0.2098462  -0.60077608],[13.39413043  0.19470356 -0.69700576]
49,premo,premo,premo,[ 0.38778497  1.40480129 13.02148422 23.21211869  1.         -0.43767068],[ 0.9799658  14.74761023  0.80895217 22.02250808  0.86220437 -0.30521013]
49,rem,pea,pea,[23.24359224  2.14029621  6.85535358  1.52098787],[24.96845385  0.88884805  2.54369468  1.50693529]
50,piece,piece,piece,[5.33008419 0.76161042 0.81004615],[5.65024344 0.7169088  0.87182827]
50,pea,pea,pea,[7.01049886 0.38412852 0.73945225],[5.88229708 0.36494335 0.77569198]
50,premo,premo,premo,[ 0.97467356 23.74690788 21.6031232  13.67073456  1.          1.51089242],[ 0.97606594 10.23654212  8.9301891  17.40921014  0.96616254  1.44894398]
50,rem,pea,pea,[20.89457672  2.10826745  3.68013352  1.29787552],[19.09405396  2.11145218  3.79519046  1.27551631]
51,piece,piece,piece,[ 5.08376193  0.73965284 -0.56376403],[ 4.78508202  1.03703996 -0.56655058]
51,pea,pea,pea,[ 9.93927923  0.36568288 -0.64030982],[13.47638417  0.36511556 -0.61034225]
51,premo,pea,pea,[ 0.41688732  0.39969315 22.49006122  9.79515978  1.          1.61721053],[ 0.13622191  9.75468976 12.49297008 15.4002423   1.          1.60359457]
51,rem,rem,rem,[24.2328434   2.18424125  0.83718402  1.0061778 ],[25.          2.50398378  1.07849424  0.78649271]
52,piece,piece,piece,[ 3.81089999  0.6075549  -0.55351841],[ 3.4357041   0.80100727 -0.5549805 ]
52,pea,pea,pea,[10.93135243  0.28488343  1.000728  ],[13.47475786  0.27424395  1.0262389 ]
52,premo,premo,premo,[ 0.46699916 10.82656854  5.23573398  9.48695483  1.         -0.35808557],[ 0.99974794 13.6670749   7.76270251 17.01059688  0.91106578 -0.38114349]
52,rem,pea,pea,[16.44465175  1.72305059  5.84165558  2.02426521],[9.92026885 2.51341852 7.30278077 2.04165939]
53,piece,piece,piece,[ 5.08453034  1.00594246 -0.65371355],[ 4.31356216  1.15557785 -0.64354325]
53,pea,pea,pea,[6.4227461  0.35191623 0.06585775],[1.35294049e+01 3.24840388e-01 1.28649095e-02]
53,premo,premo,pea,[ 0.12643175  0.79109762  1.78219468 20.12404285  1.          1.36060114],[ 0.27677758 10.64850923 12.50192594 14.46200399  1.          1.38917725]
53,rem,pea,pea,[21.06146435  1.4689984   8.42332322 -0.36001463],[ 5.15441148  2.30234135 10.         -0.38743471]
54,piece,piece,piece,[ 5.98292873  1.39085231 -0.22014229],[ 4.88046437  1.16856005 -0.19451586]
54,pea,pea,pea,[19.5459301   0.37157149  1.39438652],[25.          0.3726918   1.36685476]
54,premo,premo,premo,[ 0.70386425 24.9774612  23.6810847  15.31378984  1.         -0.45596482],[ 0.49763127 11.77429117 12.89734816 12.89734817  1.         -0.5702703 ]
54,rem,pea,pea,[20.17376396  2.29368261  6.55060865  1.04136608],[10.75185126  2.51306072  6.06446734  1.15193142]
55,piece,piece,piece,[5.84524831 0.09698328 0.83833502],[8.43271295 0.61718292 0.82558752]
55,pea,rem,pea,[5.62672027 0.22101176 1.89092562],[13.08387199  0.16603704  1.9116543 ]
55,premo,pea,pea,[ 0.69740397 12.9090037  20.18997733  4.47484458  1.          0.72761951],[ 0.         12.33645725 12.51063092 12.69770555  0.93634268  0.65054034]
55,rem,pea,pea,[2.00677702 3.6488819  9.66577424 2.04143682],[12.00051168  0.05096623  7.20771093  1.76914063]
56,piece,piece,piece,[5.30136921 0.75502985 1.78719905],[5.56381375 1.05319574 1.78025602]
56,pea,pea,pea,[8.64618371 0.49574864 1.97990211],[8.18898506 0.49414394 2.00455658]
56,premo,premo,premo,[ 0.90021583 12.08645638  8.34809449 23.69336199  1.         -0.19997436],"[ 9.17470113e-01  1.59188059e+01  1.00000000e-02  6.27000509e+00
  1.00000000e+00 -1.88090241e-01]"
56,rem,pea,pea,[ 8.15897645  0.58128779  2.9361372  -0.25772327],[13.22348682  0.91904869  6.21261993 -0.13186582]
57,piece,piece,piece,[ 5.16050048  0.11969619 -0.26708224],[ 7.62051662  0.01505604 -0.29989175]
57,pea,pea,pea,[22.46611821  0.15942516  0.13276784],[13.46242883  0.1656421   0.07269079]
57,premo,pea,pea,[ 0.81601601 20.04850749 21.92720371  4.44081233  1.         -0.59418058],[ 0.99923777  6.89073959  7.42177003 22.74810996  1.         -0.61112883]
57,rem,pea,pea,[22.15746906  0.46066897  7.38352799  0.64453995],[12.5668331   0.59168553  7.66321565  0.55058885]
58,piece,piece,piece,[ 4.1084666   0.50579532 -0.04075441],[ 5.38306687  0.22732018 -0.00821005]
58,pea,pea,pea,[24.38754945  0.44120054  0.12398284],[25.          0.42804164  0.10546851]
58,premo,premo,premo,[ 0.89852682 19.54871513  5.95286975 18.20887066  1.          0.18329183],[ 0.85522456 10.06498651 19.06333118  2.72107681  1.          0.1749463 ]
58,rem,rem,pea,[14.10693477  2.11042747  1.03443056 -0.18465548],[16.99432083  4.65514592  3.49827584 -0.15565307]
59,piece,piece,piece,[6.26835848 0.30849333 0.18320987],[5.11025421 0.03799566 0.18103453]
59,pea,pea,pea,[9.40022626 0.13922899 0.42819205],[13.48785904  0.10910209  0.38444133]
59,premo,pea,pea,[ 0.06623619 10.16812442  5.42882285 14.01857609  1.          1.7304976 ],[ 0.1039821  10.13932841 12.50223533 14.96759663  1.          1.64349268]
59,rem,rem,rem,[19.89466723  3.97328985  2.50195297  1.92886682],[19.06290052  4.66492414  3.11327278  1.87249609]
60,piece,piece,piece,[6.07099358 0.08234444 0.38166784],[4.21973503 0.64042462 0.43002416]
60,pea,pea,pea,[2.68420073 0.20189184 0.68023854],[1.88421442 0.30262107 0.6019192 ]
60,premo,premo,pea,[ 0.17145489  0.82602272  6.85823059 19.02485027  1.         -0.48665049],[ 0.73279051  7.92456366 11.95811102 17.76341279  1.         -0.54038634]
60,rem,pea,pea,[12.98962876  2.65867055  3.11106534 -0.05898913],[ 8.55382585  7.8115596  10.         -0.14885745]
61,piece,piece,piece,[ 5.30477092  0.19100062 -0.34248439],[ 9.83089615  0.4728664  -0.27086332]
61,pea,pea,pea,[15.35275323  0.457518    1.81577273],[13.56593051  0.47576712  1.82053717]
61,premo,premo,premo,[ 0.86033187  6.74822693  9.85363076 15.39333073  1.          0.29805138],[1.         0.01943171 0.01       0.01452298 0.94795877 0.30821122]
61,rem,pea,pea,[10.54689958  2.15123127  2.22302349 -0.31786592],[18.95190878  2.56902363  3.18999082 -0.38452109]
62,piece,piece,piece,[5.76234609 0.5169415  1.29462723],[3.99508402 0.78639625 1.28015987]
62,pea,pea,pea,[ 6.40123269  0.38363203 -0.37517032],[ 3.21041964  0.67459696 -0.27316256]
62,premo,premo,pea,[ 0.36952766 19.92899361 12.65831037  9.39230338  1.          1.9051955 ],[0.36205901 0.26375019 0.01       0.3295576  1.         2.01525365]
62,rem,pea,pea,[24.32408696  2.25628608  7.52822758  1.92462409],[25.          0.2813005   0.          2.02338295]
63,piece,piece,piece,[5.4947091  0.10106542 0.50457933],[7.52993593 0.3897849  0.51344238]
63,pea,pea,pea,[20.97162444  0.4155164   1.23784902],[13.53642238  0.39432441  1.17721792]
63,premo,premo,pea,[ 0.23852466 11.42529489 22.47772129 17.2405502   1.          1.16349024],[ 0.971561    6.35991876 10.51989056 18.17364529  1.          1.17436205]
63,rem,piece,piece,[3.98508203 2.46971077 0.13540226 1.61227616],[3.98274298 2.47416377 0.13363883 1.54977974]
64,piece,piece,piece,[4.50751768 0.23521972 1.06172336],[4.15134292 1.80611765 0.9537164 ]
64,pea,pea,pea,[3.11539044 0.35841446 0.97921811],[13.46189095  0.13925245  0.96272424]
64,premo,premo,premo,[ 0.87814913 10.66140174 12.13281574  9.69633332  1.          1.51122931],[ 0.7855268  11.50715841 12.6518301  13.32997346  1.          1.47433482]
64,rem,pea,pea,[2.34142231 2.0205263  8.41008763 0.91230775],[12.78031098  0.1586385   6.61585227  1.0452245 ]
65,piece,piece,piece,[5.91111373 0.99864125 1.78023976],[7.02717214 0.69448368 1.81453132]
65,pea,pea,pea,[11.07762096  0.39543718  1.29171382],[13.51792285  0.38925502  1.24812248]
65,premo,pea,pea,[ 0.37810504 11.68856947 12.89779348  8.74951735  1.          0.88926958],[ 0.97433361  6.88917098  8.8077204  20.70172356  1.          0.87451593]
65,rem,pea,pea,[6.86316893 2.3769569  6.51616033 0.31222957],[13.43188746  1.79143333  5.4730206   0.26235301]
66,piece,piece,piece,[5.06854548 0.2072897  1.47663475],[3.84464593 0.04893228 1.44361317]
66,pea,pea,pea,[6.37780962 0.46039906 0.44387934],[5.71311373 0.54149003 0.35902578]
66,premo,premo,premo,[ 0.46165457  5.66859912 17.82900294 19.4980253   1.          0.66708152],[ 0.46370808 12.70165564 12.76894787 10.99457009  1.          0.54900431]
66,rem,pea,pea,[16.87397153  3.93348647  8.80957661 -0.74380953],[16.20732603  2.37741324  4.5112124  -0.65502536]
67,piece,piece,piece,[5.92800283 0.22217398 1.50502552],[8.33450229 0.01       1.56585587]
67,pea,pea,pea,[22.06977684  0.1773239  -0.29267136],[25.          0.1598074  -0.25245257]
67,premo,premo,premo,[ 0.39397937 24.85387758  6.94082955 24.74284362  1.          0.50655638],[ 0.51456675 14.34378857 15.7947353   8.43320027  0.92016869  0.42874263]
67,rem,pea,pea,[6.23957858 2.03425675 2.94542915 0.63256776],[7.71052881 2.07252078 3.00404181 0.64987045]
68,piece,piece,piece,[ 4.62097747  1.36246188 -0.06130083],[ 5.53086532  1.08089166 -0.21184687]
68,pea,pea,pea,[8.65309757 0.44945734 1.38559166],[13.5585139   0.4127941   1.40840609]
68,premo,premo,premo,[ 0.66128609  1.83379235  8.7729124  13.05811861  1.         -0.33875386],[ 0.83218126 13.05648097 12.44937508 12.01392949  0.88830168 -0.25428777]
68,rem,pea,pea,[16.71753803  1.47220443  5.40938337  1.36457063],[19.03453027  1.20541567  4.33898852  1.20144134]
69,piece,piece,piece,[ 3.78859819  0.67047302 -0.55400878],[ 3.902735    1.31186579 -0.49183127]
69,pea,pea,pea,[2.84540946 0.42836853 0.33537608],[2.84934616 0.53388508 0.30337439]
69,premo,premo,pea,[ 0.21954512  0.69796001 21.59495204  2.51103954  1.          0.5768416 ],"[1.00000000e+00 5.99365657e+00 1.00000000e-02 2.23937248e+01
 8.55341690e-01 5.37847454e-01]"
69,rem,pea,pea,[15.39653486  0.89726706  6.54781374  1.62354911],[12.86680357  1.33285828  6.43479807  1.70915787]
70,piece,piece,piece,[ 4.85630344  0.52894499 -0.04623893],[ 4.88779487  0.46480676 -0.01878918]
70,pea,pea,pea,[11.28851228  0.35440509  0.74858837],[13.52563058  0.35344795  0.73438365]
70,premo,premo,premo,[ 0.38785065 20.99667953 14.31214273 15.77557287  1.          1.6988451 ],[0.99997378 0.01416379 0.01       0.0287269  1.         1.72921881]
70,rem,rem,pea,[ 2.00282698  1.28143336  7.6431986  -0.27290523],[ 2.04580298  1.2674637   9.61943128 -0.27125883]
71,piece,piece,piece,[6.28295556 1.30463296 0.53808587],[6.40330859 1.36753336 0.56332568]
71,pea,pea,pea,[4.70787246 0.16174516 0.28158727],[13.46936705  0.0971444   0.32116574]
71,premo,premo,pea,[ 0.64966858 18.4524495  20.35676917 10.09087851  1.          1.55296099],[ 0.3888019  11.36009923 12.50220333 13.69871458  1.          1.53094054]
71,rem,rem,rem,[3.29057732 3.88532975 4.0868934  0.49686747],[3.29669594 5.19403278 5.19522904 0.52743372]
72,piece,piece,piece,[4.29148851 0.68742    1.38101388],[5.14709911 1.13999729 1.390082  ]
72,pea,pea,pea,[20.19307486  0.2517086   0.56309315],[25.          0.29169734  0.62526932]
72,premo,pea,pea,[ 0.34387985 11.36946079 17.41083858  5.01538168  1.          1.27136288],[ 0.20958782 10.28941277 12.48966857 14.86039444  0.24316308  1.40580405]
72,rem,piece,piece,[15.39027089  4.08123492  0.42931387  1.93577896],[15.37739995  4.07774881  0.42846291  1.93505334]
73,piece,piece,piece,[3.77364067 0.23276938 0.11960174],[4.00331064 0.71527561 0.13223722]
73,pea,pea,pea,[20.9978939   0.16540827  1.09925214],[13.41290689  0.17822131  1.16296455]
73,premo,premo,premo,[ 0.4090242  13.97023302  8.307234   12.07143141  1.          1.2161568 ],[ 0.46509949 13.26222562 15.75000915  9.24477197  1.          1.22680351]
73,rem,rem,rem,[18.17950798  2.59204798  0.91590087 -0.19485219],[21.11190411  4.9241618   2.5943305  -0.30969084]
74,piece,piece,piece,[4.82565038 0.88523684 1.47893494],[3.3205681  1.60701567 1.35881185]
74,pea,pea,pea,[ 6.25562793  0.29042191 -0.23542493],[13.47476229  0.23222277 -0.15012042]
74,premo,premo,pea,[ 0.41078233  6.82281715 11.80302432  6.24363319  1.          0.50609608],[ 1.          6.65583512  9.5681441  22.47262807  1.          0.63473356]
74,rem,pea,pea,[18.8719013   1.9387528   8.50146128  1.00245543],[7.83582862 2.33085508 7.53932938 1.11985777]
75,piece,piece,piece,[5.38447851 0.72639781 0.84491509],[4.15372145 0.68118863 0.80626613]
75,pea,pea,pea,[10.09987133  0.13970983 -0.72646619],[13.11122896  0.11611304 -0.74501589]
75,premo,premo,pea,[0.35376798 7.0425006  8.11082113 5.3582236  1.         0.62934673],[ 0.16111516 17.9295084  17.07888764  2.40650248  1.          0.59430985]
75,rem,rem,pea,[2.253015   2.98678346 8.99299479 0.66674172],[2.14795955 2.98233105 7.60328476 0.68122464]
76,piece,piece,piece,[ 4.83738505  1.13131324 -0.36098143],[ 7.496668    1.16523897 -0.19314861]
76,pea,pea,pea,[13.66333662  0.14918524  0.58051252],[13.52008457  0.14456499  0.60937582]
76,premo,premo,premo,[ 0.72616318 10.5345511  10.0191671   9.19258984  1.         -0.35178974],[ 0.50751466 24.82454264  1.27761534 18.2875118   1.         -0.21320094]
76,rem,pea,pea,[24.55383604  0.81147325  2.55166486  0.14066943],[25.          0.20872043  0.          0.22670998]
77,piece,piece,piece,[ 4.18310919  0.71825054 -0.36440989],[ 4.80822703  1.09558987 -0.25693609]
77,pea,pea,pea,[2.36484009 0.29685328 1.61038463],[2.47907503 0.34017618 1.50360111]
77,premo,premo,premo,[ 0.76489463 14.86947807 20.82819545 19.51246476  1.          1.46302682],[ 0.74459596 12.11629521 12.69941562 12.4708004   0.94230077  1.36259321]
77,rem,piece,piece,[ 4.25411221  0.52159147  3.23635483 -0.75330878],[12.45236409  0.03785449  7.01495035 -0.84049658]
78,piece,piece,piece,[ 3.64149656  0.94089345 -0.10592246],[10.85296382  0.59540194 -0.17852566]
78,pea,pea,pea,[22.40412385  0.15139717 -0.51645522],[ 3.9527777   0.19076536 -0.44005694]
78,premo,premo,premo,[ 0.37966898 21.02180779  3.17374191 17.46869375  1.          0.52560945],"[3.87290931e-01 1.82622542e+01 2.50000000e+01 1.00000000e-02
 1.00000000e+00 5.29004386e-01]"
78,rem,pea,pea,[23.07421457  1.70738593  4.24016344 -0.14689841],[25.          1.04339798  2.49383426 -0.18588272]
79,piece,piece,piece,[3.82062898 1.34204015 1.78074689],[3.75406904 1.30000308 1.73204199]
79,pea,pea,pea,[12.5561701   0.22986426  1.45084071],[13.37024802  0.20994219  1.47602035]
79,premo,premo,premo,[ 0.85914456 10.31207322  2.1941074  12.04620839  1.          0.236582  ],[ 0.89504545 19.73387645 12.55854413  4.98024326  1.          0.19372248]
79,rem,pea,pea,[24.98041639  0.48446989  6.97481698  0.75946504],[24.6592598   0.13160437  1.26265566  0.634764  ]
80,piece,piece,piece,[4.1373799  0.87408753 1.51024111],[6.19185138 0.90214223 1.53024103]
80,pea,pea,pea,[16.15268043  0.13591815  1.02815842],[7.44443855 0.174632   0.91546144]
80,premo,pea,pea,[ 0.26803172  1.43388252 19.4314522   8.42963012  1.         -0.62726221],[ 0.24499924  9.55043738 12.50926213 15.47471257  0.40059516 -0.63602613]
80,rem,rem,rem,[15.8176055   2.12100067  0.64448148  0.25427402],[21.98368413 10.          6.81504957  0.23379228]
81,piece,piece,piece,[ 4.43891847  0.80374007 -0.41277281],[ 3.55701316  0.53983255 -0.37093405]
81,pea,pea,pea,[17.33149389  0.19225564  0.99305719],[13.45447458  0.19290081  1.05799764]
81,premo,premo,premo,[ 0.60844693  2.47577308  7.82910958 22.77375624  1.         -0.49064494],[ 0.67160735 17.29601418 12.55162308  7.42666048  0.92443054 -0.54675342]
81,rem,pea,pea,[21.70080902  1.98459383  8.91181073  1.06138453],[10.68342979  2.02513438  6.83770958  1.16388204]
82,piece,piece,piece,[ 6.20812356  0.94379448 -0.24732049],[ 4.65907903  0.87240743 -0.15481921]
82,pea,pea,pea,[22.3542262   0.41825169  1.6204664 ],[13.59690425  0.45275512  1.54734013]
82,premo,premo,premo,[ 0.41991172 20.25299747  5.42707816  8.30594266  1.          0.99329733],[ 0.59768197  0.07007372 19.12383922  0.07496954  1.          0.93692787]
82,rem,pea,pea,[19.80430462  1.30336358  6.67763563 -0.44191346],[ 7.89193018  1.68610012  7.96433574 -0.46462408]
83,piece,piece,piece,[4.9481072  1.13809882 0.70806956],[5.31594754 1.10351055 0.73677142]
83,pea,pea,pea,[11.86775999  0.21100855 -0.26033266],[13.47551611  0.21569917 -0.12994369]
83,premo,pea,pea,[ 0.16232794  4.92162571 11.66701194 10.0271746   1.          0.90242713],[ 0.09828245 16.03551465 16.49452512  4.79585718  0.80513685  0.88088104]
83,rem,pea,pea,[2.13839394 1.39164731 5.05037111 1.11804816],[ 2.92034588  2.67143934 10.          1.15072275]
84,piece,piece,piece,[ 5.19899389  1.04971243 -0.23699697],[ 6.15149952  1.25470417 -0.34905772]
84,pea,pea,pea,[22.82558283  0.32545359  0.79619752],[13.52464735  0.37173025  0.703497  ]
84,premo,premo,premo,[ 0.71520863 24.00599474  0.21968143  0.98457138  1.          0.89031455],[ 0.71577429 19.89720489 12.52008057  4.93853827  0.96334463  1.01570339]
84,rem,pea,pea,[16.48168507  1.99695192  1.21452726  0.3712733 ],[25.          1.65989287  0.95861288  0.38967355]
85,piece,piece,piece,[3.6455849  1.07143028 0.2919479 ],[3.08601641 1.24546959 0.35670948]
85,pea,pea,pea,[12.35729759  0.16020901 -0.3152354 ],[ 4.78503058  0.22705312 -0.36816259]
85,premo,piece,piece,[ 0.9636105  19.56536339 15.42850976  1.94680569  1.          1.07570966],[ 0.         11.46010172 12.52028434 13.60909783  0.92273064  1.04671483]
85,rem,rem,rem,[13.88246078  2.84015654  1.50653611  1.40564548],[15.13046119  4.85825927  3.2600343   1.40211952]
86,piece,piece,piece,[ 5.61683079  0.73452111 -0.31904456],[ 4.94306463  0.66445586 -0.25221027]
86,pea,pea,pea,[13.99257186  0.18165811 -0.41584413],[11.64699836  0.21058062 -0.39375127]
86,premo,premo,premo,[ 0.67142074  8.59512552 20.43767385 14.92152034  1.          0.88521063],[ 0.88793508 11.96328547  9.87610297 21.37264312  1.          0.92951514]
86,rem,rem,pea,[4.1827582  1.43363218 6.21393252 1.45879272],[5.37985337 2.00417229 9.7182439  1.41752409]
87,piece,piece,piece,[4.97479405 0.65444707 1.13846431],[5.84208203 0.21704482 1.12405289]
87,pea,pea,pea,[3.09104278 0.35323276 1.85398623],[1.40679632 1.         1.90679995]
87,premo,premo,premo,[ 0.87711472  6.057487    2.16950901 14.48457672  1.         -0.32147844],[ 0.89361745  6.07295237  4.46702943  1.5358473   0.96109155 -0.31830545]
87,rem,pea,pea,[16.8233268   3.69254911  7.98452629  0.49582407],[8.96989025 2.78493688 5.62956362 0.40359599]
88,piece,piece,piece,[3.7964137  0.3818867  0.20191072],[3.52350256 0.80214587 0.19406984]
88,pea,pea,pea,[10.65386189  0.23041461  2.04016821],[25.          0.21503725  2.04693488]
88,premo,pea,pea,[ 0.2553666  10.29651963 24.56883923 11.77840615  1.         -0.2604955 ],[ 0.14972765 10.83937479 12.50470268 14.27378762  0.46074449 -0.25890456]
88,rem,rem,rem,[3.11427306 3.31480169 5.03521203 0.68727524],[2.50991625 2.31486097 2.65805324 0.70120771]
89,piece,piece,piece,[4.32385161 0.42917356 1.75032163],[5.85698481 0.01       1.74990265]
89,pea,pea,pea,[13.22567313  0.21224545  0.82797311],[13.51165219  0.18871518  0.69265946]
89,premo,premo,premo,[ 0.48990791 15.42179139  9.60146935 21.86952958  1.          0.09223688],"[4.93768557e-01 1.45036402e+01 1.38380297e+01 8.34567642e+00
 1.00000000e+00 1.12263863e-02]"
89,rem,rem,rem,[6.88818532 2.61663043 0.17072607 1.65753478],[6.66791869 2.62960706 0.147282   1.76957327]
90,piece,piece,piece,[3.81737369 0.17535026 1.22637491],[4.87873269 0.03375084 1.34076474]
90,pea,pea,pea,[19.25296231  0.32500336  0.51666065],[13.52093223  0.33670413  0.67666081]
90,premo,piece,piece,[ 0.37857724 23.20818203 20.68165547  3.85087549  1.          1.12341414],[ 0.03516228 11.49534721 12.52124109 13.55597417  1.          1.23515759]
90,rem,pea,pea,[14.4964087   1.60291612  5.53434701  0.78545897],[7.20296405 2.45385931 7.46152223 0.79952502]
91,piece,piece,piece,[4.7255954  0.33224571 0.26421622],[14.12158058  0.06542793  0.24796077]
91,pea,pea,pea,[21.11483256  0.22590531  1.2276026 ],[13.45100586  0.26566255  1.30060982]
91,premo,premo,pea,[ 0.67544317  7.86030369 22.82745912 20.97544075  1.          1.56762924],[ 0.57465578 25.          9.71226738 25.          0.96297425  1.59770492]
91,rem,pea,pea,[7.10988136 3.5697646  3.58976801 1.39173173],[7.51337662 4.71367048 4.82477721 1.37727792]
92,piece,piece,piece,[5.49361557 1.34262649 0.93590798],[10.55620675  0.80311719  0.94506746]
92,pea,pea,pea,[20.51718619  0.22449747  1.58126158],[25.          0.21980136  1.61929868]
92,premo,premo,pea,[ 0.19340043 21.77394397  0.92585164 23.17625727  1.          0.5871618 ],[ 0.28644084 12.45007991 12.51144667 12.58325506  1.          0.52181606]
92,rem,piece,piece,[21.2778784   3.85753444  0.11593485  0.40071485],[21.22957911  3.8655696   0.11615312  0.37632014]
93,piece,piece,piece,[4.0107743  0.85776052 0.60569222],[3.43037769 0.01       0.55971424]
93,pea,pea,pea,[2.89409581 0.24374683 0.91985813],[2.48708313 0.26905729 0.86932941]
93,premo,premo,pea,[ 0.52653477  1.58496387 13.59400619  6.98625393  1.          1.27184607],[ 0.56627982 14.00529654  2.3225079  24.93126152  0.95841074  1.30976649]
93,rem,pea,pea,[24.26804619  1.29900659  6.80099858  0.59814303],[25.          0.18697359  0.          0.57239958]
94,piece,piece,piece,[4.25260451 1.35907193 1.08314115],[6.28305576 1.59374553 1.11729775]
94,pea,pea,pea,[7.79348187 0.27947556 1.12075108],[13.48297614  0.2176038   0.94683376]
94,premo,premo,premo,[ 0.86814942 17.28905372  1.13012278  1.14622797  1.          1.24065314],[ 0.78790293 15.57803863 25.         16.38516191  1.          1.23575646]
94,rem,pea,pea,[19.99247911  2.48624825  8.78892962 -0.53130996],[25.          0.29632957  0.         -0.61820863]
95,piece,piece,piece,[4.08399739 0.55195458 1.36966167],[3.19229642 0.59451491 1.35414577]
95,pea,pea,pea,[11.75227542  0.39979052 -0.05277794],[13.52773454  0.33715949 -0.17924756]
95,premo,premo,premo,[ 0.43012472 16.3016707   8.57027856 19.59365107  1.         -0.56630815],[ 0.68839228 22.50138983 13.00132193 20.47337833  1.         -0.55919691]
95,rem,pea,pea,[13.71905804  0.74947258  2.3476823   1.17823134],[9.77159608 2.0347045  7.1619789  1.13562067]
96,piece,piece,piece,[ 3.85834903  0.20092506 -0.19452095],[ 4.8436828   0.38442533 -0.16079898]
96,pea,pea,pea,[9.83783852 0.19454226 0.25511896],[5.09795924 0.19844088 0.23592105]
96,premo,pea,pea,[ 0.40540701 24.64182975 24.66881297  7.21519637  1.          0.58757663],"[8.49832247e-02 2.50000000e+01 2.50000000e+01 1.00000000e-02
 8.31951191e-01 5.84162042e-01]"
96,rem,pea,pea,[13.42151487  0.29533304  8.37972898  0.43196731],[13.14617402  0.32003146  6.03524452  0.44513604]
97,piece,piece,piece,[6.21420211 0.53114997 1.74028976],[4.53861562 0.34597081 1.70956058]
97,pea,pea,pea,[12.8934812   0.17615063  1.50938635],[13.00470859  0.18187134  1.54237317]
97,premo,premo,premo,[ 0.86796337  7.96784914  4.84154473  7.12218801  1.         -0.56879105],[ 0.86015859 15.13658259 12.44797146  9.53983651  0.99271531 -0.61889669]
97,rem,pea,pea,[8.91758656 3.72181568 9.57707635 1.22302856],[5.7902044  3.64886434 7.76562056 1.26677775]
98,piece,piece,piece,[ 4.86178288  0.23274245 -0.56484753],[ 4.89806967  0.19942292 -0.47761386]
98,pea,pea,pea,[22.20559826  0.16010773  1.222577  ],[13.40350015  0.1950145   1.30048248]
98,premo,premo,pea,[ 0.14520761 14.5584938  20.08747744  8.58286822  1.          1.62012657],[ 0.27034201  9.99801329 12.45756939 15.15275979  0.          1.87012611]
98,rem,pea,pea,[16.41994637  1.33928621  4.75702885  0.66633858],[25.          0.21042119  0.          0.67304785]
99,piece,piece,piece,[5.1111231  1.31810629 0.00745041],[3.71537139e+00 1.39267099e+00 1.86548967e-03]
99,pea,pea,pea,[ 1.50688038e+01  4.18864813e-01 -8.52386642e-03],[25.          0.40949983  0.04072924]
99,premo,premo,premo,[ 0.87918175  7.0428251  24.47076103 17.29451973  1.          1.54348571],"[9.73328174e-01 1.69506592e+01 1.00000000e-02 2.50000000e+01
 9.52671877e-01 1.55759387e+00]"
99,rem,pea,pea,[16.32825897  2.56492294  8.62405715  1.34900587],[12.38332945  2.1571      5.86453081  1.25624977]
